title,description,problem_statement,domain,difficulty,skills_required,technologies,estimated_duration,learning_resources,roadmap,architecture,modules,dataset_info
Disease Prediction System,Build an ML model to predict diseases from patient symptoms and medical history.,Early disease detection reduces mortality rates significantly. This system uses ML to predict diseases based on input symptoms.,Healthcare,Intermediate,"Python,Machine Learning,TensorFlow,MongoDB,FastAPI","Python,TensorFlow,FastAPI,MongoDB,React",6 weeks,"https://www.tensorflow.org/tutorials,https://scikit-learn.org","Python,Data Analysis,Machine Learning,TensorFlow,FastAPI,Deployment",Microservices,"Data Collection,Preprocessing,Model Training,API,Frontend",Kaggle Disease Dataset
Medical Image Classification,Classify medical images (X-rays, MRI) to detect abnormalities using deep learning.,Radiologists face high workloads. AI can assist in flagging abnormal images for faster diagnosis.,Healthcare,Advanced,"Python,Deep Learning,PyTorch,Computer Vision,MongoDB","Python,PyTorch,FastAPI,React,MongoDB",8 weeks,"https://pytorch.org/tutorials,https://www.kaggle.com/datasets","Python,Deep Learning,PyTorch,CNN,FastAPI,Docker",CNN Architecture,"Data Pipeline,Model Training,Evaluation,API,Dashboard",NIH Chest X-ray Dataset
Patient Appointment Scheduler,Smart scheduling system to reduce hospital no-shows using ML prediction.,30% of medical appointments are no-shows costing billions. Predict and manage appointments intelligently.,Healthcare,Beginner,"Python,Machine Learning,React,MongoDB,FastAPI","Python,React,FastAPI,MongoDB",4 weeks,"https://fastapi.tiangolo.com,https://react.dev","Python,FastAPI,MongoDB,React,Deployment",MVC,"Auth,Scheduling,Prediction,Notifications,Dashboard",Hospital Records Dataset
Mental Health Chatbot,Rule-based + NLP chatbot to provide mental health support and resources.,Mental health issues are underdiagnosed. A support chatbot can provide immediate assistance.,Healthcare,Intermediate,"Python,NLP,React,MongoDB,FastAPI","Python,NLTK,FastAPI,React,MongoDB",5 weeks,"https://www.nltk.org/book,https://huggingface.co","Python,NLP,Intent Classification,FastAPI,React,Deployment",Event-driven,"Intent Recognition,Response Generation,Crisis Detection,Resources,Logging",Open Mental Health Dataset
Drug Interaction Checker,Check drug interactions using a knowledge graph and ML.,Adverse drug reactions cause 100k deaths/year. A real-time checker can prevent dangerous combinations.,Healthcare,Advanced,"Python,Graph Databases,Machine Learning,React,FastAPI","Python,Neo4j,FastAPI,React,scikit-learn",7 weeks,"https://neo4j.com/developer,https://scikit-learn.org","Python,Graph Theory,Neo4j,Machine Learning,FastAPI,React",Graph-based,"Drug Database,Interaction Model,Query Engine,API,UI",DrugBank Dataset
Hospital Bed Management System,Optimize hospital bed allocation using real-time data and predictive analytics.,Hospitals struggle with bed shortages. Smart allocation reduces wait times and improves outcomes.,Healthcare,Intermediate,"Python,React,MongoDB,FastAPI,Machine Learning","Python,FastAPI,React,MongoDB,Chart.js",5 weeks,"https://fastapi.tiangolo.com,https://react.dev","Python,FastAPI,MongoDB,React,ML,Deployment",Event-driven,"Real-time Tracking,Prediction,Allocation Engine,Dashboard,Alerts",Synthetic Hospital Data
Telemedicine Platform,Video consultation platform with AI-assisted symptom checker.,Remote healthcare access for rural areas. Combine video consult with AI symptom triage.,Healthcare,Advanced,"Python,React,WebRTC,Machine Learning,MongoDB","Python,React,WebRTC,FastAPI,MongoDB,TensorFlow",10 weeks,"https://webrtc.org,https://fastapi.tiangolo.com","WebRTC,React,FastAPI,ML,MongoDB,Deployment",Microservices,"Auth,Video,Symptom Checker,Appointments,Records",Symptom Dataset
Health Fitness Tracker,Track fitness goals, nutrition, and health metrics with ML recommendations.,People struggle to maintain healthy habits. Personalized recommendations improve adherence.,Healthcare,Beginner,"Python,React,MongoDB,FastAPI","Python,React,FastAPI,MongoDB,Chart.js",4 weeks,"https://react.dev,https://fastapi.tiangolo.com","Python,FastAPI,MongoDB,React,Deployment",MVC,"Tracking,Goals,Recommendations,Progress,Nutrition",Public Fitness Dataset
Stock Price Predictor,Predict stock prices using LSTM and time series analysis.,Investors need data-driven insights to make informed decisions in volatile markets.,FinTech,Advanced,"Python,Deep Learning,TensorFlow,React,FastAPI","Python,TensorFlow,FastAPI,React,MongoDB",8 weeks,"https://www.tensorflow.org,https://pandas.pydata.org","Python,Statistics,Time Series,LSTM,FastAPI,React",Pipeline,"Data Collection,Feature Engineering,Model,Prediction API,Dashboard",Yahoo Finance API
Fraud Detection System,Detect fraudulent transactions in real-time using ML anomaly detection.,Financial fraud costs $5 trillion annually. Real-time detection protects consumers and institutions.,FinTech,Advanced,"Python,Machine Learning,scikit-learn,MongoDB,FastAPI","Python,scikit-learn,FastAPI,MongoDB,React",7 weeks,"https://scikit-learn.org,https://fastapi.tiangolo.com","Python,ML,Anomaly Detection,Real-time,FastAPI,React",Stream Processing,"Transaction Ingestion,Feature Extraction,Model,Alert System,Dashboard",Kaggle Credit Card Dataset
Personal Finance Manager,Track expenses, income, and investments with budget recommendations.,70% of people don't track finances. Smart tools improve savings and investment decisions.,FinTech,Beginner,"Python,React,MongoDB,FastAPI","Python,React,FastAPI,MongoDB,Chart.js",4 weeks,"https://react.dev,https://fastapi.tiangolo.com","Python,FastAPI,MongoDB,React,Charts,Deployment",MVC,"Auth,Transactions,Categories,Budget,Reports",Bank Transaction Dataset
Loan Eligibility Predictor,Predict loan eligibility and credit score using ML.,Banks spend hours manually reviewing applications. ML can automate and improve accuracy.,FinTech,Intermediate,"Python,Machine Learning,scikit-learn,React,FastAPI","Python,scikit-learn,FastAPI,React,MongoDB",5 weeks,"https://scikit-learn.org,https://fastapi.tiangolo.com","Python,ML,Feature Engineering,FastAPI,React,Deployment",MVC,"Data Input,Feature Processing,Prediction,Explanation,Dashboard",Lending Club Dataset
Cryptocurrency Portfolio Tracker,Real-time crypto portfolio tracking with price alerts and analytics.,Crypto market volatility requires real-time monitoring. Help investors manage risk.,FinTech,Intermediate,"Python,React,MongoDB,FastAPI,WebSockets","Python,FastAPI,React,MongoDB,CoinGecko API",5 weeks,"https://react.dev,https://fastapi.tiangolo.com","Python,FastAPI,WebSockets,React,MongoDB,Deployment",Real-time,"Portfolio Input,Price Feed,Alerts,Analytics,Charts",CoinGecko API
Insurance Risk Calculator,Calculate insurance risk scores using ML and actuarial data.,Manual risk assessment is slow and biased. ML improves accuracy and speed of underwriting.,FinTech,Advanced,"Python,Machine Learning,TensorFlow,React,FastAPI","Python,TensorFlow,FastAPI,React,MongoDB",7 weeks,"https://www.tensorflow.org,https://scikit-learn.org","Python,Statistics,ML,TensorFlow,FastAPI,React",Pipeline,"Data Ingestion,Feature Engineering,Risk Model,Pricing,Dashboard",Insurance Dataset
Smart Invoice Generator,Generate and manage invoices with AI-powered categorization and tax calculation.,SMBs spend 15h/month on invoicing. Automated generation saves time and reduces errors.,FinTech,Beginner,"Python,React,MongoDB,FastAPI","Python,React,FastAPI,MongoDB,PDF",3 weeks,"https://react.dev,https://fastapi.tiangolo.com","Python,FastAPI,MongoDB,React,PDF,Deployment",MVC,"Auth,Invoice CRUD,Tax Calc,PDF Export,Analytics",Synthetic Invoice Data
Adaptive Learning Platform,Personalized e-learning platform that adapts content based on student performance.,One-size-fits-all education fails many students. Adaptive systems improve learning outcomes.,EdTech,Advanced,"Python,React,MongoDB,FastAPI,Machine Learning","Python,React,FastAPI,MongoDB,TensorFlow",8 weeks,"https://react.dev,https://www.tensorflow.org","Python,ML,React,FastAPI,MongoDB,Deployment",Microservices,"Content Engine,Assessment,Adaptation,Progress,Analytics",MOOC Dataset
Student Grade Predictor,Predict student grades using academic and behavioral data.,Early intervention for at-risk students can prevent dropout. ML identifies patterns early.,EdTech,Intermediate,"Python,Machine Learning,scikit-learn,React,FastAPI","Python,scikit-learn,FastAPI,React,MongoDB",5 weeks,"https://scikit-learn.org,https://react.dev","Python,ML,Feature Engineering,FastAPI,React,Deployment",MVC,"Data Input,Preprocessing,Prediction,Intervention,Dashboard",Student Performance Dataset
Online Exam Proctoring System,AI-powered proctoring to detect cheating during online exams.,Remote exams face integrity challenges. Computer vision can detect suspicious behavior.,EdTech,Advanced,"Python,Computer Vision,PyTorch,React,FastAPI","Python,PyTorch,React,FastAPI,WebRTC",9 weeks,"https://pytorch.org,https://webrtc.org","Python,Computer Vision,PyTorch,WebRTC,React,FastAPI",Real-time,"Video Stream,Face Detection,Behavior Analysis,Flagging,Reporting",Exam Behavior Dataset
Course Recommendation Engine,Recommend online courses based on career goals and current skills.,Students are overwhelmed with course options. Personalized recommendations guide better choices.,EdTech,Intermediate,"Python,Machine Learning,React,MongoDB,FastAPI","Python,scikit-learn,FastAPI,React,MongoDB",5 weeks,"https://scikit-learn.org,https://react.dev","Python,ML,Recommendation,FastAPI,React,Deployment",MVC,"Profile,Embedding,Similarity,Recommendations,Tracking",Coursera/MOOC Dataset
Interactive Coding Tutorial Platform,Platform for interactive coding exercises with AI-generated hints.,Traditional coding tutorials lack interactivity. Real-time execution and AI hints improve learning.,EdTech,Advanced,"Python,React,JavaScript,FastAPI,MongoDB","Python,React,FastAPI,MongoDB,Docker",8 weeks,"https://react.dev,https://fastapi.tiangolo.com","React,Python,FastAPI,Docker,MongoDB,Deployment",Microservices,"Code Editor,Execution,Hint Engine,Progress,Leaderboard",Open Coding Problems Dataset
Crop Disease Detection,Detect crop diseases from plant images using computer vision.,Crop diseases reduce global food production by 40%. Early detection saves millions in losses.,AgriTech,Intermediate,"Python,Computer Vision,TensorFlow,React,FastAPI","Python,TensorFlow,FastAPI,React,MongoDB",6 weeks,"https://www.tensorflow.org,https://pytorch.org","Python,Computer Vision,TensorFlow,FastAPI,React,Deployment",Pipeline,"Image Capture,Preprocessing,Classification,Treatment,Dashboard",PlantVillage Dataset
Smart Irrigation System,IoT-based irrigation system that uses soil moisture and weather data.,Agriculture uses 70% of global fresh water. Smart irrigation reduces waste by 40%.,AgriTech,Intermediate,"Python,IoT,Machine Learning,React,FastAPI","Python,MQTT,FastAPI,React,MongoDB,Arduino",6 weeks,"https://www.arduino.cc,https://fastapi.tiangolo.com","Python,IoT,MQTT,ML,FastAPI,React",IoT Architecture,"Sensor Network,Data Collection,Prediction,Control,Dashboard",Weather/Soil Dataset
Yield Prediction System,Predict crop yields using satellite data and ML models.,Unpredictable yields cause supply chain failures. ML enables better planning and policy.,AgriTech,Advanced,"Python,Machine Learning,TensorFlow,React,FastAPI","Python,TensorFlow,FastAPI,React,MongoDB",7 weeks,"https://www.tensorflow.org,https://scikit-learn.org","Python,Satellite Data,ML,TensorFlow,FastAPI,React",Pipeline,"Data Ingestion,Feature Engineering,Model,Prediction,Dashboard",NASA Satellite Dataset
Farmer Market Connector,Platform connecting farmers directly to consumers eliminating middlemen.,Farmers receive only 20% of final price. Direct-to-consumer reduces losses and improves income.,AgriTech,Beginner,"Python,React,MongoDB,FastAPI","Python,React,FastAPI,MongoDB,Stripe",4 weeks,"https://react.dev,https://fastapi.tiangolo.com","Python,FastAPI,MongoDB,React,Payments,Deployment",MVC,"Auth,Listings,Orders,Payments,Reviews",Farmer Market Data
Livestock Health Monitor,Monitor livestock health using wearable sensors and ML alerts.,Livestock disease outbreaks cause massive losses. Early detection prevents spread.,AgriTech,Advanced,"Python,IoT,Machine Learning,React,FastAPI","Python,MQTT,TensorFlow,FastAPI,React",7 weeks,"https://www.tensorflow.org,https://www.arduino.cc","Python,IoT,ML,FastAPI,React,Deployment",IoT + ML,"Sensor Data,Health Model,Alert System,Dashboard,History",Livestock Dataset
Air Quality Monitor,Real-time air quality monitoring and prediction using IoT sensors and ML.,Poor air quality causes 7M deaths/year. Real-time monitoring enables timely health warnings.,Environment,Intermediate,"Python,IoT,Machine Learning,React,FastAPI","Python,MQTT,scikit-learn,FastAPI,React,MongoDB",6 weeks,"https://fastapi.tiangolo.com,https://www.arduino.cc","Python,IoT,ML,FastAPI,React,Deployment",IoT Architecture,"Sensor Network,Data Collection,Prediction,Alerts,Map Dashboard",EPA AQI Dataset
Carbon Footprint Calculator,Calculate and track personal/organizational carbon footprint with reduction suggestions.,Climate change requires individual action. Tools that quantify impact motivate change.,Environment,Beginner,"Python,React,MongoDB,FastAPI","Python,React,FastAPI,MongoDB,Chart.js",3 weeks,"https://react.dev,https://fastapi.tiangolo.com","Python,FastAPI,MongoDB,React,Charts,Deployment",MVC,"Activity Input,Calculation,Tracking,Suggestions,Reports",Carbon Emission Data
Waste Management Optimizer,Optimize waste collection routes using ML and real-time bin fill levels.,Inefficient waste collection wastes fuel and time. Smart routing reduces costs by 30%.,Environment,Intermediate,"Python,Machine Learning,IoT,React,FastAPI","Python,scikit-learn,FastAPI,React,MongoDB,MQTT",6 weeks,"https://scikit-learn.org,https://fastapi.tiangolo.com","Python,IoT,ML,Route Optimization,FastAPI,React",IoT + Optimization,"Bin Monitoring,Route Planning,Optimization,Dashboard,Reporting",Smart City Waste Dataset
Renewable Energy Predictor,Predict solar and wind energy generation to optimize grid management.,Renewable energy intermittency challenges grid stability. Better prediction enables smarter grids.,Environment,Advanced,"Python,Machine Learning,TensorFlow,React,FastAPI","Python,TensorFlow,FastAPI,React,MongoDB",7 weeks,"https://www.tensorflow.org,https://fastapi.tiangolo.com","Python,Time Series,TensorFlow,FastAPI,React,Deployment",Pipeline,"Data Ingestion,Feature Engineering,Prediction,Grid Integration,Dashboard",NREL Energy Dataset
Ocean Plastic Tracker,Track ocean plastic pollution using satellite imagery and ML.,8M tons of plastic enter oceans annually. Tracking enables targeted cleanup operations.,Environment,Advanced,"Python,Computer Vision,PyTorch,React,FastAPI","Python,PyTorch,FastAPI,React,MongoDB,GIS",8 weeks,"https://pytorch.org,https://docs.qgis.org","Python,Computer Vision,GIS,PyTorch,FastAPI,React",Pipeline,"Image Processing,Detection,Tracking,Mapping,Reporting",Ocean Plastic Dataset
Smart Traffic Management,Optimize traffic flow using computer vision and ML at intersections.,Urban traffic congestion costs $1T annually. Smart signals reduce wait times by 40%.,Smart City,Advanced,"Python,Computer Vision,TensorFlow,React,FastAPI","Python,TensorFlow,FastAPI,React,MongoDB,MQTT",8 weeks,"https://www.tensorflow.org,https://fastapi.tiangolo.com","Python,Computer Vision,IoT,ML,FastAPI,React",Real-time,"Camera Feed,Vehicle Detection,Signal Control,Optimization,Dashboard",Traffic Camera Dataset
Public Transport Tracker,Real-time public transport tracking and arrival predictions.,Unreliable public transport reduces ridership. Accurate predictions improve user experience.,Smart City,Intermediate,"Python,React,MongoDB,FastAPI,WebSockets","Python,FastAPI,React,MongoDB,WebSockets",5 weeks,"https://react.dev,https://fastapi.tiangolo.com","Python,FastAPI,WebSockets,React,MongoDB,Deployment",Real-time,"GTFS Data,Real-time Tracking,Prediction,Mobile UI,Notifications",GTFS Transit Dataset
Smart Parking System,IoT-based parking availability system with reservation and payment.,Cities waste 30% of traffic looking for parking. Smart systems guide drivers to free spots.,Smart City,Intermediate,"Python,IoT,React,MongoDB,FastAPI","Python,MQTT,FastAPI,React,MongoDB,Stripe",6 weeks,"https://fastapi.tiangolo.com,https://www.arduino.cc","Python,IoT,FastAPI,React,Payments,Deployment",IoT Architecture,"Sensor Network,Availability Map,Reservation,Payment,Analytics",City Parking Dataset
Crime Prediction System,Predict crime hotspots using historical data and ML to optimize police deployment.,Reactive policing is ineffective. Predictive analytics enables proactive resource allocation.,Smart City,Advanced,"Python,Machine Learning,scikit-learn,React,FastAPI","Python,scikit-learn,FastAPI,React,MongoDB,GIS",7 weeks,"https://scikit-learn.org,https://docs.qgis.org","Python,ML,GIS,FastAPI,React,Deployment",Pipeline,"Data Ingestion,Spatial Analysis,Prediction,Mapping,Dashboard",Chicago Crime Dataset
Smart Energy Grid,Monitor and optimize energy consumption in smart buildings using IoT and ML.,Buildings consume 40% of global energy. Smart systems reduce waste by 25%.,Smart City,Advanced,"Python,IoT,Machine Learning,React,FastAPI","Python,MQTT,TensorFlow,FastAPI,React,MongoDB",8 weeks,"https://www.tensorflow.org,https://www.arduino.cc","Python,IoT,ML,FastAPI,React,Deployment",IoT + ML,"Sensor Network,Consumption Monitor,Optimization,Alerts,Dashboard",Smart Meter Dataset
Network Intrusion Detection,Detect network intrusions in real-time using ML anomaly detection.,Cyberattacks cost $6T/year. Real-time intrusion detection is critical for security.,Cybersecurity,Advanced,"Python,Machine Learning,scikit-learn,React,FastAPI","Python,scikit-learn,FastAPI,React,MongoDB,Scapy",8 weeks,"https://scikit-learn.org,https://scapy.readthedocs.io","Python,Networking,ML,Anomaly Detection,FastAPI,React",Pipeline,"Packet Capture,Feature Extraction,Detection Model,Alert,Dashboard",NSL-KDD Dataset
Phishing URL Detector,Detect phishing URLs using ML and NLP feature extraction.,Phishing attacks account for 36% of data breaches. Automated detection protects users.,Cybersecurity,Intermediate,"Python,Machine Learning,NLP,React,FastAPI","Python,scikit-learn,FastAPI,React,MongoDB",5 weeks,"https://scikit-learn.org,https://fastapi.tiangolo.com","Python,NLP,ML,FastAPI,React,Deployment",Pipeline,"URL Feature Extraction,Classification,API,Browser Extension,Dashboard",PhishTank Dataset
Password Strength Analyzer,Analyze password strength using ML and provide recommendations.,Weak passwords cause 80% of breaches. Real-time analysis encourages stronger passwords.,Cybersecurity,Beginner,"Python,Machine Learning,React,FastAPI","Python,scikit-learn,FastAPI,React",3 weeks,"https://scikit-learn.org,https://react.dev","Python,ML,FastAPI,React,Deployment",MVC,"Input Analysis,Strength Scoring,Recommendations,API,UI",Password Dataset
Malware Detection System,Detect malware using static and dynamic analysis with ML.,Malware attacks increase 400% annually. Automated detection is essential for endpoint security.,Cybersecurity,Advanced,"Python,Machine Learning,TensorFlow,React,FastAPI","Python,TensorFlow,FastAPI,React,MongoDB",9 weeks,"https://www.tensorflow.org,https://scikit-learn.org","Python,Binary Analysis,ML,TensorFlow,FastAPI,React",Pipeline,"Sample Collection,Feature Extraction,Classification,Reporting,Dashboard",EMBER Dataset
Vulnerability Scanner,Automated web application vulnerability scanner using OWASP checks.,Manual security audits are slow and incomplete. Automated scanners find vulnerabilities faster.,Cybersecurity,Advanced,"Python,React,FastAPI,MongoDB,Networking","Python,FastAPI,React,MongoDB,Requests",7 weeks,"https://owasp.org,https://fastapi.tiangolo.com","Python,Web Security,FastAPI,React,Deployment",Pipeline,"Target Discovery,Scanning,Vulnerability Analysis,Reporting,Remediation",OWASP Test Cases
Food Donation Platform,Connect food donors with NGOs to reduce food waste and hunger.,1.3B tons of food wasted annually while 800M people go hungry. Technology can bridge this gap.,Social Impact,Beginner,"Python,React,MongoDB,FastAPI","Python,React,FastAPI,MongoDB,Stripe",4 weeks,"https://react.dev,https://fastapi.tiangolo.com","Python,FastAPI,MongoDB,React,Deployment",MVC,"Auth,Donations,Matching,Pickup,Impact Dashboard",Food Bank Data
Disaster Relief Coordinator,Coordinate disaster relief efforts using real-time data and resource management.,Natural disasters require rapid coordination. Technology reduces response time and saves lives.,Social Impact,Intermediate,"Python,React,MongoDB,FastAPI,GIS","Python,FastAPI,React,MongoDB,Leaflet.js",6 weeks,"https://react.dev,https://leafletjs.com","Python,FastAPI,GIS,React,Deployment",Microservices,"Disaster Reporting,Resource Management,Volunteer Matching,Mapping,Communication",FEMA Disaster Dataset
Job Skill Gap Analyzer,Analyze job market skill gaps and recommend upskilling paths.,Many job seekers lack required skills. Data-driven gap analysis guides targeted learning.,Social Impact,Intermediate,"Python,Machine Learning,React,MongoDB,FastAPI,NLP","Python,scikit-learn,FastAPI,React,MongoDB",5 weeks,"https://scikit-learn.org,https://react.dev","Python,NLP,ML,FastAPI,React,Deployment",Pipeline,"Job Scraping,Skill Extraction,Gap Analysis,Roadmap,Dashboard",LinkedIn/Job Dataset
Sign Language Translator,Translate sign language gestures to text using computer vision.,500M people use sign language. Real-time translation bridges communication gaps.,Social Impact,Advanced,"Python,Computer Vision,TensorFlow,React,FastAPI","Python,TensorFlow,FastAPI,React,WebRTC",8 weeks,"https://www.tensorflow.org,https://webrtc.org","Python,Computer Vision,TensorFlow,WebRTC,React,FastAPI",Real-time,"Gesture Capture,Recognition Model,Translation,Display,API",ASL Dataset
Women Safety App,Personal safety application with SOS alerts and danger zone mapping.,Women face safety challenges especially at night. Technology can provide rapid emergency response.,Social Impact,Intermediate,"Python,React,MongoDB,FastAPI,GIS","Python,FastAPI,React,MongoDB,Leaflet.js",5 weeks,"https://react.dev,https://fastapi.tiangolo.com","Python,FastAPI,GIS,React,Push Notifications",Microservices,"SOS Alert,Location Tracking,Danger Zones,Contacts,Emergency Services",Crime/Safety Dataset
Smart Home Automation,Home automation system with voice control and ML-based occupancy prediction.,Smart homes improve energy efficiency and convenience. IoT enables seamless automation.,IoT,Intermediate,"Python,IoT,Machine Learning,React,FastAPI,MQTT","Python,MQTT,FastAPI,React,MongoDB,Arduino",6 weeks,"https://www.arduino.cc,https://fastapi.tiangolo.com","Python,IoT,MQTT,ML,FastAPI,React",IoT Architecture,"Device Management,Voice Control,Automation,Scheduling,Dashboard",Smart Home Dataset
Industrial Equipment Monitor,Predictive maintenance for industrial equipment using IoT sensor data.,Unexpected equipment failures cost $50B/year. Predictive maintenance prevents 70% of failures.,IoT,Advanced,"Python,IoT,Machine Learning,TensorFlow,FastAPI","Python,MQTT,TensorFlow,FastAPI,React,InfluxDB",8 weeks,"https://www.tensorflow.org,https://mqtt.org","Python,IoT,Time Series,ML,FastAPI,Dashboard",IoT + ML,"Sensor Integration,Data Pipeline,Anomaly Detection,Maintenance Alerts,Dashboard",NASA Bearing Dataset
Smart Waste Bin,IoT-enabled smart bins that detect fill level and optimize collection schedules.,Manual inspection of bins wastes resources. Smart sensors automate collection scheduling.,IoT,Beginner,"Python,IoT,React,FastAPI,MQTT","Python,Arduino,MQTT,FastAPI,React",4 weeks,"https://www.arduino.cc,https://fastapi.tiangolo.com","Python,IoT,MQTT,FastAPI,React,Deployment",IoT Architecture,"Sensor Setup,Fill Level Detection,Collection Optimization,Dashboard,Notifications",Smart City Dataset
Water Quality Monitor,Monitor water quality parameters using IoT sensors and ML anomaly detection.,Contaminated water causes 485k deaths/year. Real-time monitoring enables faster response.,IoT,Intermediate,"Python,IoT,Machine Learning,React,FastAPI","Python,Arduino,MQTT,scikit-learn,FastAPI,React",6 weeks,"https://www.arduino.cc,https://scikit-learn.org","Python,IoT,ML,FastAPI,React,Deployment",IoT Architecture,"Sensor Network,Data Collection,Anomaly Detection,Alerts,Dashboard",Water Quality Dataset
Energy Consumption Tracker,Track home energy consumption with IoT smart plugs and ML insights.,Households waste 30% of energy. Real-time tracking and insights reduce consumption.,IoT,Intermediate,"Python,IoT,Machine Learning,React,FastAPI","Python,MQTT,FastAPI,React,MongoDB,Chart.js",5 weeks,"https://fastapi.tiangolo.com,https://react.dev","Python,IoT,ML,FastAPI,React,Charts,Deployment",IoT Architecture,"Smart Plug Integration,Consumption Tracking,ML Insights,Budget,Dashboard",Energy Dataset
Decentralized Voting System,Blockchain-based voting system for transparent and tamper-proof elections.,Traditional voting systems face fraud and opacity. Blockchain ensures verifiable, immutable records.,Blockchain,Advanced,"JavaScript,Solidity,React,Web3.js,Ethereum","JavaScript,Solidity,React,Web3.js,Hardhat,IPFS",9 weeks,"https://ethereum.org,https://hardhat.org","JavaScript,Blockchain,Solidity,Smart Contracts,React,Web3.js",Blockchain,"Smart Contract,Identity Verification,Voting Mechanism,Result Tallying,Audit Trail",Ethereum Testnet
NFT Marketplace,Create a decentralized NFT marketplace for digital artists.,Artists lack direct monetization channels. NFT marketplaces enable direct creator economy.,Blockchain,Advanced,"JavaScript,Solidity,React,Web3.js,IPFS","JavaScript,Solidity,React,Web3.js,IPFS,OpenSea API",10 weeks,"https://ethereum.org,https://ipfs.io","JavaScript,Solidity,NFT Standards,React,Web3.js,IPFS",Blockchain,"Smart Contract,Minting,Marketplace,Wallet,Royalties",Ethereum Testnet
DeFi Lending Protocol,Decentralized lending protocol where users can borrow and lend crypto.,Traditional finance excludes billions. DeFi protocols enable permissionless financial services.,Blockchain,Advanced,"JavaScript,Solidity,React,Web3.js,DeFi","JavaScript,Solidity,React,Web3.js,Compound,Hardhat",12 weeks,"https://ethereum.org,https://docs.compound.finance","JavaScript,DeFi,Solidity,Liquidity Pools,React,Security",Blockchain,"Pool Management,Lending Engine,Interest Calculation,Liquidation,Dashboard",DeFi Protocol Data
Supply Chain Tracker,Track product supply chain on blockchain for transparency and anti-counterfeiting.,Counterfeit goods cost $500B/year. Blockchain provides immutable product provenance.,Blockchain,Intermediate,"JavaScript,Solidity,React,Web3.js,Ethereum","JavaScript,Solidity,React,Web3.js,Hardhat",7 weeks,"https://ethereum.org,https://hardhat.org","JavaScript,Blockchain,Solidity,Smart Contracts,React,Web3.js",Blockchain,"Product Registration,Transfer Events,Verification,QR Code,Dashboard",Supply Chain Dataset
Decentralized Identity System,Self-sovereign identity system using blockchain for privacy-preserving authentication.,Centralized identity systems risk data breaches. Self-sovereign identity gives users control.,Blockchain,Advanced,"JavaScript,Solidity,React,Web3.js,DID","JavaScript,Solidity,React,Web3.js,Ceramic,IPFS",10 weeks,"https://www.w3.org/TR/did-core,https://ceramic.network","JavaScript,DID Standards,Solidity,React,Web3.js,Encryption",Blockchain,"DID Registry,Credential Issuance,Verification,Recovery,Wallet",W3C DID Standard
Sentiment Analysis Dashboard,Analyze social media sentiment for brands and topics using NLP.,Brands need to understand public perception. Real-time sentiment analysis enables quick response.,Social Impact,Intermediate,"Python,NLP,Machine Learning,React,FastAPI","Python,NLTK,scikit-learn,FastAPI,React,MongoDB",5 weeks,"https://www.nltk.org,https://react.dev","Python,NLP,Sentiment Analysis,FastAPI,React,Deployment",Pipeline,"Data Collection,Preprocessing,Sentiment Model,API,Dashboard",Twitter Dataset
Fake News Detector,Detect fake news using NLP and ML models to combat misinformation.,Fake news spreads 6x faster than real news. Automated detection can help control misinformation.,Social Impact,Intermediate,"Python,NLP,Machine Learning,React,FastAPI","Python,NLTK,scikit-learn,FastAPI,React,MongoDB",6 weeks,"https://www.nltk.org,https://scikit-learn.org","Python,NLP,ML,FastAPI,React,Deployment",Pipeline,"Text Processing,Feature Extraction,Classification,Browser Extension,Dashboard",LIAR Dataset
Resume Builder with AI,AI-powered resume builder that optimizes for ATS and job descriptions.,Poorly formatted resumes fail ATS. AI optimization increases interview callback rates.,EdTech,Beginner,"Python,React,MongoDB,FastAPI,NLP","Python,FastAPI,React,MongoDB,PDF",4 weeks,"https://react.dev,https://fastapi.tiangolo.com","Python,NLP,FastAPI,React,PDF Generation,Deployment",MVC,"Template Engine,AI Optimization,ATS Scoring,Export,Review",Job Description Dataset
Interview Prep Platform,Platform with AI-generated interview questions and feedback based on job role.,Interview preparation lacks personalization. AI generates role-specific questions with feedback.,EdTech,Intermediate,"Python,NLP,React,MongoDB,FastAPI","Python,NLTK,FastAPI,React,MongoDB",5 weeks,"https://react.dev,https://fastapi.tiangolo.com","Python,NLP,FastAPI,React,MongoDB,Deployment",MVC,"Job Analysis,Question Generation,Response Recording,Feedback,Progress",Interview Question Dataset
Language Learning App,Gamified language learning with NLP-based pronunciation assessment.,Traditional language apps lack speaking practice. NLP enables real-time pronunciation feedback.,EdTech,Advanced,"Python,NLP,React,FastAPI,Speech Recognition","Python,SpeechRecognition,FastAPI,React,MongoDB",7 weeks,"https://pypi.org/project/SpeechRecognition,https://react.dev","Python,NLP,Speech,FastAPI,React,Deployment",Microservices,"Speech Recognition,Pronunciation Analysis,Gamification,Progress,Vocabulary",Common Voice Dataset
Peer Tutoring Platform,Connect students with peer tutors using ML matching and video calls.,Students learn better from peers. Technology can match tutors and enable efficient scheduling.,EdTech,Intermediate,"Python,React,WebRTC,MongoDB,FastAPI","Python,FastAPI,React,MongoDB,WebRTC",6 weeks,"https://webrtc.org,https://fastapi.tiangolo.com","Python,FastAPI,WebRTC,React,MongoDB,Deployment",Microservices,"Profile Matching,Scheduling,Video Calls,Payments,Reviews",Synthetic Tutoring Data
Traffic Accident Predictor,Predict traffic accidents using road conditions and historical data.,1.35M people die in traffic accidents annually. Prediction enables preventive interventions.,Smart City,Advanced,"Python,Machine Learning,scikit-learn,React,FastAPI","Python,scikit-learn,FastAPI,React,MongoDB,GIS",7 weeks,"https://scikit-learn.org,https://leafletjs.com","Python,ML,GIS,FastAPI,React,Deployment",Pipeline,"Data Collection,Feature Engineering,Prediction,Mapping,Alerts",NHTSA Accident Dataset
Smart Street Lighting,IoT-based adaptive street lighting that dims when no pedestrians are detected.,Street lighting accounts for 40% of city electricity costs. Smart dimming saves 50%.,Smart City,Intermediate,"Python,IoT,Computer Vision,React,FastAPI","Python,Arduino,TensorFlow,MQTT,FastAPI,React",6 weeks,"https://www.tensorflow.org,https://www.arduino.cc","Python,IoT,Computer Vision,MQTT,FastAPI,React",IoT Architecture,"Sensor Integration,Motion Detection,Dimming Control,Energy Monitor,Dashboard",Smart City Dataset
Noise Pollution Monitor,Monitor and map urban noise pollution using IoT sensors and ML.,Noise pollution affects 30% of urban population. Mapping helps city planning and regulation.,Environment,Intermediate,"Python,IoT,Machine Learning,React,FastAPI","Python,Arduino,MQTT,scikit-learn,FastAPI,React",6 weeks,"https://www.arduino.cc,https://scikit-learn.org","Python,IoT,ML,GIS,FastAPI,React,Deployment",IoT Architecture,"Sensor Network,Data Collection,Classification,Mapping,Dashboard",Urban Noise Dataset
Elderly Care Assistant,Smart home assistant for elderly people with fall detection and medication reminders.,Aging population needs remote care solutions. IoT and AI enable independent living.,Healthcare,Advanced,"Python,IoT,Computer Vision,React,FastAPI","Python,TensorFlow,MQTT,FastAPI,React,MongoDB",8 weeks,"https://www.tensorflow.org,https://www.arduino.cc","Python,IoT,Computer Vision,FastAPI,React,Deployment",IoT + ML,"Fall Detection,Medication Alerts,Vitals Monitor,Emergency Contact,Dashboard",Elderly Dataset
Blood Donation Coordinator,Platform connecting blood donors with hospitals in real-time during emergencies.,Blood shortages cost lives. A real-time platform matches donors with hospitals efficiently.,Healthcare,Beginner,"Python,React,MongoDB,FastAPI","Python,FastAPI,React,MongoDB,Push Notifications",3 weeks,"https://react.dev,https://fastapi.tiangolo.com","Python,FastAPI,MongoDB,React,Deployment",MVC,"Donor Registry,Blood Type Matching,Emergency Requests,Notifications,Map",Blood Bank Data
Genetic Risk Assessment,Assess genetic disease risk using ML on genomic data.,Genetic predispositions can be identified early. ML analysis enables preventive healthcare.,Healthcare,Advanced,"Python,Machine Learning,TensorFlow,React,FastAPI,Bioinformatics","Python,TensorFlow,FastAPI,React,MongoDB",10 weeks,"https://www.tensorflow.org,https://biopython.org","Python,Bioinformatics,ML,TensorFlow,FastAPI,React",Pipeline,"Genomic Data Processing,Feature Extraction,Risk Model,Visualization,Reports",GWAS Dataset
Hospital Management System,Complete hospital management including patient records, billing, and inventory.,Hospitals struggle with paper records and manual billing. Digital systems improve efficiency.,Healthcare,Intermediate,"Python,React,MongoDB,FastAPI","Python,FastAPI,React,MongoDB,PDF,Chart.js",7 weeks,"https://react.dev,https://fastapi.tiangolo.com","Python,FastAPI,MongoDB,React,PDF,Deployment",MVC,"Patient Records,Billing,Inventory,Appointments,Reports",Hospital Admin Dataset
Vaccination Tracker,Track vaccination campaigns and predict coverage gaps.,Low vaccination coverage causes outbreaks. Real-time tracking enables targeted interventions.,Healthcare,Beginner,"Python,React,MongoDB,FastAPI,GIS","Python,FastAPI,React,MongoDB,Leaflet.js",4 weeks,"https://react.dev,https://leafletjs.com","Python,FastAPI,MongoDB,GIS,React,Deployment",MVC,"Registry,Campaign Tracking,Coverage Mapping,Gap Prediction,Reports",WHO Vaccination Data
Skin Disease Classifier,Classify skin diseases from photos using deep learning.,Dermatologists are scarce. AI classification gives instant preliminary diagnosis.,Healthcare,Intermediate,"Python,Computer Vision,TensorFlow,React,FastAPI","Python,TensorFlow,FastAPI,React,MongoDB",6 weeks,"https://www.tensorflow.org,https://react.dev","Python,Computer Vision,TensorFlow,FastAPI,React,Deployment",Pipeline,"Image Upload,Preprocessing,Classification,Results,Follow-up",HAM10000 Dataset
Eye Disease Detector,Detect diabetic retinopathy and other eye diseases from fundus images.,Diabetic retinopathy is the leading cause of blindness. Early detection prevents vision loss.,Healthcare,Advanced,"Python,Deep Learning,TensorFlow,React,FastAPI","Python,TensorFlow,FastAPI,React,MongoDB",8 weeks,"https://www.tensorflow.org,https://pytorch.org","Python,Deep Learning,TensorFlow,FastAPI,React,Deployment",CNN Pipeline,"Image Processing,Grading Model,Report Generation,Specialist Referral,Dashboard",EyePACS Dataset
Medical Report Analyzer,Extract and analyze medical reports using NLP to identify key findings.,Doctors spend 2h/day reading reports. NLP extracts key findings for faster review.,Healthcare,Advanced,"Python,NLP,Machine Learning,React,FastAPI","Python,spaCy,FastAPI,React,MongoDB",7 weeks,"https://spacy.io,https://fastapi.tiangolo.com","Python,NLP,spaCy,FastAPI,React,Deployment",Pipeline,"Report Upload,Text Extraction,NLP Analysis,Key Findings,Summary",MIMIC Dataset
Stock Sentiment Analyzer,Correlate social media sentiment with stock price movements.,Retail investors miss market signals from social media. Sentiment analysis provides edge.,FinTech,Intermediate,"Python,NLP,Machine Learning,React,FastAPI","Python,NLTK,scikit-learn,FastAPI,React,MongoDB",6 weeks,"https://www.nltk.org,https://scikit-learn.org","Python,NLP,ML,FastAPI,React,Deployment",Pipeline,"Data Collection,Sentiment Analysis,Correlation,Prediction,Dashboard",Twitter + Yahoo Finance Dataset
Micro Investment Platform,Platform enabling micro-investments in stocks with AI-guided portfolio management.,Many people lack capital for traditional investing. Micro-investing democratizes wealth creation.,FinTech,Intermediate,"Python,React,MongoDB,FastAPI,Machine Learning","Python,FastAPI,React,MongoDB,Stripe,scikit-learn",6 weeks,"https://react.dev,https://fastapi.tiangolo.com","Python,FastAPI,ML,React,Payments,Deployment",Microservices,"Auth,Portfolio,Investment Engine,AI Guide,Reporting",Stock Market Dataset
Budget Forecasting Tool,Forecast monthly budgets using historical spending data and ML.,Poor budget planning leads to debt. ML-based forecasting helps individuals stay on track.,FinTech,Beginner,"Python,Machine Learning,React,FastAPI,MongoDB","Python,scikit-learn,FastAPI,React,MongoDB",4 weeks,"https://scikit-learn.org,https://react.dev","Python,ML,FastAPI,React,Charts,Deployment",MVC,"Expense Input,Pattern Analysis,Forecasting,Alerts,Dashboard",Personal Finance Dataset
Tax Filing Assistant,Automated tax filing with document OCR and AI-guided deductions.,Tax filing is complex and error-prone. AI assistance reduces errors and missed deductions.,FinTech,Intermediate,"Python,OCR,Machine Learning,React,FastAPI","Python,Tesseract,FastAPI,React,MongoDB,PDF",6 weeks,"https://pypi.org/project/pytesseract,https://react.dev","Python,OCR,ML,FastAPI,React,Deployment",Pipeline,"Document Upload,OCR,Data Extraction,Deduction Analysis,Filing",Tax Dataset
Real Estate Price Predictor,Predict real estate prices using location, features, and market trends.,Buyers and sellers lack pricing transparency. ML provides data-driven valuations.,FinTech,Intermediate,"Python,Machine Learning,scikit-learn,React,FastAPI","Python,scikit-learn,FastAPI,React,MongoDB,GIS",5 weeks,"https://scikit-learn.org,https://leafletjs.com","Python,ML,GIS,FastAPI,React,Deployment",MVC,"Data Input,Feature Engineering,Prediction,Map Visualization,Report",Zillow Dataset
Expense Splitter App,Smart expense splitting with automatic settlement calculations.,Shared expense tracking among groups is manual and error-prone. Apps simplify settlement.,FinTech,Beginner,"Python,React,MongoDB,FastAPI","Python,FastAPI,React,MongoDB",3 weeks,"https://react.dev,https://fastapi.tiangolo.com","Python,FastAPI,MongoDB,React,Deployment",MVC,"Group Creation,Expense Logging,Settlement Calculation,History,Notifications",Synthetic Expense Data
Crowdfunding Platform,Blockchain-powered crowdfunding with milestone-based fund release.,Traditional crowdfunding lacks accountability. Blockchain escrow ensures milestone-based fund release.,FinTech,Advanced,"JavaScript,Solidity,React,Web3.js,Ethereum","JavaScript,Solidity,React,Web3.js,Hardhat,IPFS",9 weeks,"https://ethereum.org,https://hardhat.org","JavaScript,Solidity,Smart Contracts,React,Web3.js,IPFS",Blockchain,"Project Submission,Smart Contract Escrow,Milestone Tracking,Fund Release,Dashboard",Kickstarter Dataset
Personalized News Aggregator,Aggregate and personalize news using ML based on reading history and preferences.,Information overload makes it hard to find relevant news. Personalization improves discovery.,Social Impact,Intermediate,"Python,NLP,Machine Learning,React,FastAPI","Python,NLTK,scikit-learn,FastAPI,React,MongoDB",5 weeks,"https://scikit-learn.org,https://react.dev","Python,NLP,ML,FastAPI,React,Deployment",Pipeline,"News Scraping,Classification,User Profiling,Personalization,Feed",All the News Dataset
Social Skill Builder,App to help people with autism develop social skills through guided scenarios.,Autism affects 75M people who struggle with social interactions. Technology can provide safe practice.,Social Impact,Intermediate,"Python,React,MongoDB,FastAPI,NLP","Python,FastAPI,React,MongoDB,Speech Recognition",6 weeks,"https://react.dev,https://fastapi.tiangolo.com","Python,NLP,FastAPI,React,Speech,Deployment",MVC,"Scenario Engine,Progress Tracking,Feedback,Speech Practice,Reports",Social Skills Dataset
Mental Health Tracker,Track mood, sleep, and stress with ML-based early warning for mental health crises.,Mental health crises often go undetected. Daily tracking enables early intervention.,Healthcare,Intermediate,"Python,Machine Learning,React,FastAPI,MongoDB","Python,scikit-learn,FastAPI,React,MongoDB",5 weeks,"https://scikit-learn.org,https://react.dev","Python,ML,FastAPI,React,Deployment",MVC,"Daily Check-in,Pattern Analysis,Early Warning,Resources,Crisis Support",Mental Health Dataset
Peer Review Platform,Academic peer review management system with plagiarism detection.,Academic publishing lacks efficient peer review tools. Automated systems speed up research.,EdTech,Intermediate,"Python,NLP,React,MongoDB,FastAPI","Python,spaCy,FastAPI,React,MongoDB",5 weeks,"https://spacy.io,https://react.dev","Python,NLP,FastAPI,React,MongoDB,Deployment",MVC,"Paper Submission,Reviewer Assignment,Review Management,Plagiarism Check,Publication",Academic Paper Dataset
Study Group Finder,Match students for study groups based on courses, schedule, and learning style.,Students study alone when collaboration would improve outcomes. Smart matching enables groups.,EdTech,Beginner,"Python,React,MongoDB,FastAPI,Machine Learning","Python,FastAPI,React,MongoDB",3 weeks,"https://react.dev,https://fastapi.tiangolo.com","Python,FastAPI,MongoDB,React,Deployment",MVC,"Profile,Course Matching,Group Creation,Scheduling,Chat",Student Data
Science Experiment Simulator,Virtual science experiment simulator for schools without lab facilities.,Many schools lack proper lab equipment. Virtual simulations provide equal learning opportunities.,EdTech,Advanced,"Python,React,JavaScript,FastAPI,3D","Python,Three.js,React,FastAPI,MongoDB",8 weeks,"https://threejs.org,https://react.dev","Python,Three.js,React,FastAPI,Physics Simulation",3D Web,"Physics Engine,Experiment Templates,Variable Controls,Results,Assessment",Science Curriculum Data
Math Problem Generator,Generate and solve math problems adapted to student level using AI.,Students need varied practice problems. AI generation provides unlimited personalized exercises.,EdTech,Intermediate,"Python,Machine Learning,React,FastAPI,NLP","Python,FastAPI,React,MongoDB,LaTeX",5 weeks,"https://react.dev,https://fastapi.tiangolo.com","Python,NLP,ML,FastAPI,React,LaTeX,Deployment",MVC,"Difficulty Assessment,Problem Generation,Solution Steps,Feedback,Progress",Math Dataset
Wildlife Poaching Alert System,Detect poaching activity using camera traps and ML in wildlife reserves.,Wildlife poaching threatens biodiversity. AI-powered camera systems can detect poachers in real-time.,Environment,Advanced,"Python,Computer Vision,TensorFlow,IoT,FastAPI","Python,TensorFlow,MQTT,FastAPI,React,MongoDB",8 weeks,"https://www.tensorflow.org,https://www.arduino.cc","Python,Computer Vision,IoT,TensorFlow,FastAPI,React",IoT + ML,"Camera Network,Motion Detection,Animal/Human Classification,Alert,Dashboard",Camera Trap Dataset
Plastic Recycling Guide,AR-based app to identify recyclable items and guide proper recycling.,60% of recyclable waste goes to landfill due to confusion. AR guidance improves recycling rates.,Environment,Intermediate,"Python,Computer Vision,React,FastAPI,TensorFlow","Python,TensorFlow,FastAPI,React,MongoDB",6 weeks,"https://www.tensorflow.org,https://react.dev","Python,Computer Vision,TensorFlow,FastAPI,React,Deployment",Pipeline,"Image Recognition,Material Classification,Recycling Guide,Gamification,Impact Tracker",RecycleNet Dataset
Tree Planting Coordinator,Coordinate large-scale tree planting campaigns with GPS tracking and impact measurement.,Deforestation threatens climate stability. Organized tree planting with verification maximizes impact.,Environment,Beginner,"Python,React,MongoDB,FastAPI,GIS","Python,FastAPI,React,MongoDB,Leaflet.js",4 weeks,"https://react.dev,https://leafletjs.com","Python,FastAPI,GIS,React,MongoDB,Deployment",MVC,"Campaign Management,Tree Registration,GPS Tracking,Impact Calculation,Dashboard",GIS Tree Data
Flood Prediction System,Predict flood risks using weather data, satellite imagery, and ML.,Floods cause $40B/year in damages. Early prediction enables evacuation and damage reduction.,Environment,Advanced,"Python,Machine Learning,TensorFlow,GIS,FastAPI","Python,TensorFlow,FastAPI,React,MongoDB,GIS",8 weeks,"https://www.tensorflow.org,https://docs.qgis.org","Python,GIS,ML,TensorFlow,FastAPI,React",Pipeline,"Data Ingestion,Feature Engineering,Prediction,Flood Mapping,Early Warning",Hydrological Dataset
Solar Panel Efficiency Monitor,Monitor and optimize solar panel performance using IoT and ML.,Dirty or malfunctioning panels reduce efficiency by 25%. Smart monitoring maximizes output.,Environment,Intermediate,"Python,IoT,Machine Learning,React,FastAPI","Python,MQTT,scikit-learn,FastAPI,React,MongoDB",5 weeks,"https://fastapi.tiangolo.com,https://www.arduino.cc","Python,IoT,ML,FastAPI,React,Deployment",IoT Architecture,"Sensor Integration,Performance Tracking,Anomaly Detection,Cleaning Alerts,Dashboard",Solar Energy Dataset
Urban Heat Island Mapper,Map urban heat islands using satellite imagery and ML to guide city cooling strategies.,Urban heat islands increase city temperatures by 5°C. Mapping enables targeted cooling interventions.,Environment,Intermediate,"Python,Computer Vision,GIS,React,FastAPI","Python,scikit-learn,FastAPI,React,MongoDB,GDAL",6 weeks,"https://docs.qgis.org,https://scikit-learn.org","Python,GIS,ML,FastAPI,React,Deployment",Pipeline,"Satellite Data Processing,Thermal Analysis,Mapping,Prediction,Dashboard",NASA Landsat Dataset
Community Volunteer Manager,Platform to manage community volunteers for local initiatives.,Nonprofits struggle to coordinate volunteers. Technology streamlines recruitment and scheduling.,Social Impact,Beginner,"Python,React,MongoDB,FastAPI","Python,FastAPI,React,MongoDB,Email",3 weeks,"https://react.dev,https://fastapi.tiangolo.com","Python,FastAPI,MongoDB,React,Email,Deployment",MVC,"Volunteer Registry,Opportunity Listing,Matching,Scheduling,Impact Reporting",Volunteer Data
Prison Recidivism Predictor,Predict recidivism risk to guide rehabilitation program placement.,High recidivism rates indicate rehabilitation failure. Predictive models enable personalized programs.,Social Impact,Advanced,"Python,Machine Learning,scikit-learn,React,FastAPI","Python,scikit-learn,FastAPI,React,MongoDB",7 weeks,"https://scikit-learn.org,https://react.dev","Python,ML,Ethics,FastAPI,React,Deployment",Pipeline,"Data Input,Risk Assessment,Bias Analysis,Recommendation,Dashboard",NIJ Recidivism Dataset
Refugee Resource Connector,Connect refugees with local resources, jobs, and legal aid.,Refugees face information barriers. A digital platform connects them with essential resources.,Social Impact,Intermediate,"Python,React,MongoDB,FastAPI,NLP","Python,FastAPI,React,MongoDB,Translation API",5 weeks,"https://react.dev,https://fastapi.tiangolo.com","Python,FastAPI,MongoDB,Translation,React,Deployment",MVC,"Resource Database,Multilingual Search,Location Services,Legal Aid,Community Forum",UNHCR Dataset
Accessible Web Auditor,Audit websites for accessibility issues and suggest WCAG-compliant fixes.,1B people have disabilities. 98% of websites fail accessibility standards causing exclusion.,Social Impact,Intermediate,"Python,JavaScript,React,FastAPI,Accessibility","Python,FastAPI,React,MongoDB,Puppeteer",5 weeks,"https://www.w3.org/WAI,https://fastapi.tiangolo.com","Python,Web Scraping,Accessibility Standards,FastAPI,React,Deployment",Pipeline,"URL Input,Automated Scanning,Issue Classification,Fix Suggestions,Report",WCAG Guidelines
Hate Speech Detector,Detect hate speech on social media using NLP and ML.,Hate speech causes real-world violence. Automated detection enables faster content moderation.,Social Impact,Intermediate,"Python,NLP,Machine Learning,React,FastAPI","Python,NLTK,scikit-learn,FastAPI,React,MongoDB",6 weeks,"https://www.nltk.org,https://scikit-learn.org","Python,NLP,ML,FastAPI,React,Deployment",Pipeline,"Text Ingestion,Preprocessing,Classification,Moderation,Dashboard",HatEval Dataset
Emergency Resource Allocator,Optimize emergency service resource allocation using ML and real-time data.,Emergency services face resource shortages during peak demand. ML optimizes allocation.,Social Impact,Advanced,"Python,Machine Learning,scikit-learn,React,FastAPI,GIS","Python,scikit-learn,FastAPI,React,MongoDB,Leaflet.js",7 weeks,"https://scikit-learn.org,https://leafletjs.com","Python,ML,GIS,FastAPI,React,Deployment",Pipeline,"Incident Detection,Resource Inventory,Optimization Engine,Dispatch,Dashboard",Emergency Response Dataset
Voter Registration Assistant,Simplify voter registration with guided forms and eligibility checking.,Complex registration processes reduce voter participation. Simplified tools increase civic engagement.,Social Impact,Beginner,"Python,React,MongoDB,FastAPI","Python,FastAPI,React,MongoDB",3 weeks,"https://react.dev,https://fastapi.tiangolo.com","Python,FastAPI,MongoDB,React,Deployment",MVC,"Eligibility Check,Registration Form,Status Tracking,Reminders,FAQ"],Voter Registration Data
Autonomous Drone Delivery,Autonomous package delivery using drones with ML-based path planning.,Last-mile delivery costs are 28% of total shipping. Drone delivery reduces costs by 80%.,Smart City,Advanced,"Python,Computer Vision,Machine Learning,IoT,FastAPI","Python,TensorFlow,MQTT,FastAPI,React,Arduino",12 weeks,"https://www.tensorflow.org,https://www.arduino.cc","Python,Robotics,Computer Vision,Path Planning,FastAPI,React",Autonomous System,"Flight Planning,Obstacle Detection,Package Handling,Landing,Tracking",Drone Dataset
Parking Violation Detector,Detect parking violations using street camera feeds and computer vision.,Manual parking enforcement is slow and expensive. Automated detection improves compliance.,Smart City,Intermediate,"Python,Computer Vision,TensorFlow,React,FastAPI","Python,TensorFlow,FastAPI,React,MongoDB",6 weeks,"https://www.tensorflow.org,https://fastapi.tiangolo.com","Python,Computer Vision,TensorFlow,FastAPI,React,Deployment",Pipeline,"Camera Integration,Vehicle Detection,Violation Classification,Alert,Dashboard",Traffic Camera Dataset
Smart Elevator Optimizer,Optimize elevator dispatch in high-rise buildings using ML to reduce wait times.,Traditional elevator systems waste time. ML dispatch reduces wait times by 40%.,Smart City,Intermediate,"Python,Machine Learning,IoT,React,FastAPI","Python,scikit-learn,MQTT,FastAPI,React",5 weeks,"https://scikit-learn.org,https://fastapi.tiangolo.com","Python,IoT,ML,FastAPI,React,Deployment",IoT Architecture,"Floor Request Tracking,Demand Prediction,Dispatch Optimization,Energy Monitor,Dashboard",Building Management Data
Municipal Complaint System,Digital platform for citizens to report and track municipal issues.,Citizens lack efficient channels to report issues. Digital platforms increase government accountability.,Smart City,Beginner,"Python,React,MongoDB,FastAPI,GIS","Python,FastAPI,React,MongoDB,Leaflet.js",4 weeks,"https://react.dev,https://leafletjs.com","Python,FastAPI,GIS,React,Deployment",MVC,"Complaint Submission,Category Classification,Routing,Status Tracking,Analytics",311 Service Request Data
Emergency Broadcast System,IoT-based emergency alert system for natural disasters with multilingual support.,Emergency alerts often fail to reach all affected populations. IoT network ensures coverage.,Smart City,Advanced,"Python,IoT,React,FastAPI,NLP","Python,MQTT,FastAPI,React,MongoDB,SMS API",7 weeks,"https://www.arduino.cc,https://fastapi.tiangolo.com","Python,IoT,NLP,FastAPI,React,SMS,Deployment",IoT Architecture,"Sensor Network,Threat Detection,Alert Generation,Multilingual Translation,Broadcast",Disaster Dataset
Autonomous Greenhouse,AI-controlled greenhouse with automated climate control and crop monitoring.,Manual greenhouse management is labor-intensive. Automation increases yield by 30%.,AgriTech,Advanced,"Python,IoT,Machine Learning,Computer Vision,FastAPI","Python,Arduino,MQTT,TensorFlow,FastAPI,React",10 weeks,"https://www.arduino.cc,https://www.tensorflow.org","Python,IoT,Computer Vision,ML,FastAPI,React",IoT + ML,"Climate Control,Crop Monitoring,Pest Detection,Yield Prediction,Dashboard",Greenhouse Dataset
Soil Analysis App,Analyze soil composition from lab data and recommend fertilizer treatment.,Incorrect fertilization wastes resources and reduces yield. Data-driven recommendations optimize both.,AgriTech,Beginner,"Python,Machine Learning,React,FastAPI,MongoDB","Python,scikit-learn,FastAPI,React,MongoDB",4 weeks,"https://scikit-learn.org,https://react.dev","Python,ML,FastAPI,React,Deployment",MVC,"Soil Data Input,Analysis,Fertilizer Recommendation,Tracking,Reports",USDA Soil Dataset
Agricultural Price Forecaster,Forecast crop prices using market data and ML to help farmers plan sales.,Price volatility affects farmer income. ML forecasting enables better timing of sales.,AgriTech,Intermediate,"Python,Machine Learning,TensorFlow,React,FastAPI","Python,TensorFlow,FastAPI,React,MongoDB",6 weeks,"https://www.tensorflow.org,https://scikit-learn.org","Python,Time Series,ML,FastAPI,React,Deployment",Pipeline,"Market Data Collection,Feature Engineering,Forecasting,Price Alerts,Dashboard",USDA Market Dataset
Pest Identification App,Identify crop pests from photos using computer vision and suggest treatment.,Incorrect pest identification leads to wrong treatment. AI ensures accurate identification.,AgriTech,Intermediate,"Python,Computer Vision,TensorFlow,React,FastAPI","Python,TensorFlow,FastAPI,React,MongoDB",5 weeks,"https://www.tensorflow.org,https://react.dev","Python,Computer Vision,TensorFlow,FastAPI,React,Deployment",Pipeline,"Image Capture,Preprocessing,Classification,Treatment Guide,Dashboard",IP102 Pest Dataset
Farm Equipment Rental Platform,P2P farm equipment rental platform for small farmers.,Small farmers can't afford expensive equipment. Sharing platforms reduce costs by 60%.,AgriTech,Beginner,"Python,React,MongoDB,FastAPI,GIS","Python,FastAPI,React,MongoDB,Stripe,Leaflet.js",4 weeks,"https://react.dev,https://fastapi.tiangolo.com","Python,FastAPI,MongoDB,React,Payments,GIS,Deployment",MVC,"Equipment Listing,Availability Calendar,Booking,Payments,Reviews",Farmer Data
Food Traceability System,Trace food from farm to table using blockchain for food safety.,Food contamination outbreaks harm thousands. Blockchain traceability enables rapid recall.,AgriTech,Advanced,"JavaScript,Solidity,React,Web3.js,Ethereum","JavaScript,Solidity,React,Web3.js,Hardhat,IPFS",9 weeks,"https://ethereum.org,https://hardhat.org","JavaScript,Blockchain,Solidity,React,Web3.js,IPFS",Blockchain,"Product Registration,Transfer Events,QR Verification,Contamination Alert,Dashboard",Food Safety Dataset
Aquaculture Monitor,Monitor fish farm water quality and feeding patterns with IoT and ML.,Fish farming faces 20% losses from disease and poor water quality. Smart monitoring reduces losses.,AgriTech,Intermediate,"Python,IoT,Machine Learning,React,FastAPI","Python,Arduino,MQTT,scikit-learn,FastAPI,React",6 weeks,"https://www.arduino.cc,https://scikit-learn.org","Python,IoT,ML,FastAPI,React,Deployment",IoT Architecture,"Water Quality Sensors,Feeding Automation,Disease Detection,Alerts,Dashboard",Aquaculture Dataset
Zero Knowledge Proof Auth,Implement privacy-preserving authentication using zero-knowledge proofs.,Traditional auth reveals sensitive data. ZK proofs allow verification without data exposure.,Cybersecurity,Advanced,"JavaScript,Cryptography,React,Solidity,Web3.js","JavaScript,snarkjs,React,Hardhat,Web3.js",10 weeks,"https://docs.circom.io,https://ethereum.org","JavaScript,Cryptography,ZK Proofs,Circom,React,Web3.js",Cryptographic,"Circuit Design,Proof Generation,Verification,Integration,Demo",ZK Proof Libraries
Security Log Analyzer,Analyze security logs using ML to identify threats and anomalies.,Manual log review is impossible at scale. ML identifies patterns indicating attacks.,Cybersecurity,Intermediate,"Python,Machine Learning,scikit-learn,React,FastAPI,ELK","Python,scikit-learn,FastAPI,React,Elasticsearch",6 weeks,"https://scikit-learn.org,https://www.elastic.co","Python,Log Parsing,ML,Elasticsearch,FastAPI,React",Pipeline,"Log Ingestion,Parsing,Anomaly Detection,Alert,Dashboard",LANL Cyber Dataset
API Security Scanner,Scan REST APIs for security vulnerabilities including injection and broken auth.,API vulnerabilities are the #1 attack vector. Automated scanning finds issues before attackers.,Cybersecurity,Intermediate,"Python,Security,React,FastAPI","Python,Requests,FastAPI,React,MongoDB",5 weeks,"https://owasp.org,https://fastapi.tiangolo.com","Python,API Security,FastAPI,React,Deployment",Pipeline,"API Discovery,Vulnerability Scanning,Risk Scoring,Remediation,Report",OWASP API Security
Ransomware Early Warning,Detect early ransomware indicators using ML file system behavior analysis.,Ransomware costs $20B/year. Early detection before encryption can prevent data loss.,Cybersecurity,Advanced,"Python,Machine Learning,TensorFlow,React,FastAPI","Python,TensorFlow,FastAPI,React,MongoDB",9 weeks,"https://www.tensorflow.org,https://scikit-learn.org","Python,File System Analysis,ML,TensorFlow,FastAPI,React",Pipeline,"Behavior Monitoring,Feature Extraction,Classification,Alert,Isolation",Ransomware Dataset
Dark Web Monitor,Monitor dark web for exposed credentials and data leaks.,Corporate data leaks often appear on dark web before companies know. Early alerts enable response.,Cybersecurity,Advanced,"Python,Web Scraping,NLP,React,FastAPI","Python,Requests,spaCy,FastAPI,React,MongoDB",8 weeks,"https://spacy.io,https://fastapi.tiangolo.com","Python,Web Scraping,NLP,FastAPI,React,Deployment",Pipeline,"Data Collection,Pattern Matching,Alert Generation,Credential Check,Dashboard",Have I Been Pwned Dataset
Email Phishing Classifier,Classify emails as phishing or legitimate using NLP and ML.,Phishing emails account for 90% of data breaches. Automated classification protects users.,Cybersecurity,Beginner,"Python,NLP,Machine Learning,React,FastAPI","Python,NLTK,scikit-learn,FastAPI,React",4 weeks,"https://www.nltk.org,https://scikit-learn.org","Python,NLP,ML,FastAPI,React,Deployment",Pipeline,"Email Parsing,Feature Extraction,Classification,API,Dashboard",Enron Email Dataset
Container Security Scanner,Scan Docker containers for vulnerabilities and misconfigurations.,Container vulnerabilities spread across microservices. Automated scanning prevents security debt.,Cybersecurity,Intermediate,"Python,Docker,Security,React,FastAPI","Python,Docker,FastAPI,React,MongoDB",5 weeks,"https://docs.docker.com,https://fastapi.tiangolo.com","Python,Docker,Security Scanning,FastAPI,React,Deployment",Pipeline,"Image Analysis,Vulnerability Detection,Risk Scoring,Remediation,Dashboard",NVD Vulnerability Database
Decentralized Storage System,Build a decentralized file storage system using IPFS and blockchain.,Centralized storage risks censorship and single points of failure. Decentralized storage ensures resilience.,Blockchain,Advanced,"JavaScript,IPFS,Solidity,React,Web3.js","JavaScript,IPFS,Solidity,React,Web3.js,Hardhat",10 weeks,"https://ipfs.io,https://ethereum.org","JavaScript,IPFS,Blockchain,Solidity,React,Web3.js",P2P Network,"File Upload,IPFS Storage,Access Control,Smart Contract,Retrieval",IPFS Documentation
Token Governance System,Implement DAO governance with token-based voting for decentralized organizations.,Traditional organizations lack transparent governance. DAOs enable community-driven decision making.,Blockchain,Advanced,"JavaScript,Solidity,React,Web3.js,DAO","JavaScript,Solidity,React,Web3.js,Compound Governor",10 weeks,"https://ethereum.org,https://docs.openzeppelin.com","JavaScript,DAO Patterns,Solidity,React,Web3.js,Governance",Blockchain,"Token Distribution,Proposal Creation,Voting,Execution,Treasury",OpenZeppelin Governance
Cross-Chain Bridge,Build a token bridge between Ethereum and Polygon networks.,Multi-chain ecosystems fragment liquidity. Cross-chain bridges enable asset interoperability.,Blockchain,Advanced,"JavaScript,Solidity,React,Web3.js,Bridge","JavaScript,Solidity,React,Web3.js,Polygon Bridge",12 weeks,"https://ethereum.org,https://polygon.technology","JavaScript,Solidity,Multi-chain,React,Web3.js,Security",Blockchain,"Lock/Mint Mechanism,Relayer,Verification,UI,Monitoring",Bridge Protocol Documentation
Blockchain Certificate Issuer,Issue tamper-proof academic certificates on blockchain.,Degree fraud costs institutions millions. Blockchain certificates are verifiable and unforgeable.,Blockchain,Intermediate,"JavaScript,Solidity,React,Web3.js,Ethereum","JavaScript,Solidity,React,Web3.js,IPFS,Hardhat",7 weeks,"https://ethereum.org,https://hardhat.org","JavaScript,Solidity,Smart Contracts,React,Web3.js,IPFS",Blockchain,"Certificate Template,Issuance Contract,QR Verification,Revocation,Dashboard",Education Credential Standards
Prediction Market Platform,Decentralized prediction market where users bet on real-world outcomes.,Prediction markets aggregate collective intelligence. Blockchain ensures transparent, fair payouts.,Blockchain,Advanced,"JavaScript,Solidity,React,Web3.js,Oracle","JavaScript,Solidity,React,Web3.js,Chainlink,Hardhat",10 weeks,"https://ethereum.org,https://docs.chain.link","JavaScript,Solidity,Oracles,React,Web3.js,Market Design",Blockchain,"Market Creation,Bet Placement,Oracle Integration,Resolution,Payout",Prediction Market Data
Smart Contract Auditor,Automated smart contract security auditing tool.,Smart contract vulnerabilities cause billions in losses. Automated auditing catches common issues.,Blockchain,Advanced,"Python,Solidity,Security,React,FastAPI","Python,Slither,FastAPI,React,MongoDB",8 weeks,"https://github.com/crytic/slither,https://ethereum.org","Python,Solidity Analysis,Security,FastAPI,React,Deployment",Pipeline,"Contract Upload,Static Analysis,Vulnerability Detection,Risk Report,Dashboard",Smart Contract Audit Dataset
Decentralized Exchange,Build a DEX with automated market maker using Uniswap V2 mechanics.,Centralized exchanges risk hacks and censorship. DEXs enable trustless token trading.,Blockchain,Advanced,"JavaScript,Solidity,React,Web3.js,DeFi","JavaScript,Solidity,React,Web3.js,Hardhat,Uniswap V2",12 weeks,"https://docs.uniswap.org,https://ethereum.org","JavaScript,AMM,Solidity,React,Web3.js,Liquidity",Blockchain,"Liquidity Pool,Price Oracle,Swap Engine,Fee Collection,UI",Uniswap V2 Source
Stablecoin Protocol,Implement an algorithmic stablecoin pegged to USD using collateral.,Volatile crypto prices hinder adoption. Stablecoins provide stable medium of exchange.,Blockchain,Advanced,"JavaScript,Solidity,React,Web3.js,DeFi","JavaScript,Solidity,React,Web3.js,Chainlink,Hardhat",12 weeks,"https://ethereum.org,https://docs.chain.link","JavaScript,Tokenomics,Solidity,React,Web3.js,Stability Mechanism",Blockchain,"Collateral Management,Minting,Burning,Price Feed,Stability Pool",MakerDAO Documentation
News Article Summarizer,Automatically summarize long news articles using extractive NLP.,Information overload makes it hard to stay informed. Summarization saves reading time.,Social Impact,Intermediate,"Python,NLP,React,FastAPI,MongoDB","Python,spaCy,FastAPI,React,MongoDB",4 weeks,"https://spacy.io,https://react.dev","Python,NLP,Summarization,FastAPI,React,Deployment",Pipeline,"Article Scraping,Preprocessing,Summarization,API,Frontend",CNN/DailyMail Dataset
Opinion Mining Tool,Extract and analyze opinions from product reviews to generate insights.,Businesses struggle to process thousands of reviews. NLP extracts actionable insights automatically.,FinTech,Intermediate,"Python,NLP,Machine Learning,React,FastAPI","Python,spaCy,scikit-learn,FastAPI,React,MongoDB",5 weeks,"https://spacy.io,https://scikit-learn.org","Python,NLP,Opinion Mining,FastAPI,React,Deployment",Pipeline,"Review Scraping,Aspect Extraction,Sentiment Analysis,Visualization,Report",Amazon Product Reviews
Document Q&A System,Build a document question-answering system using transformer-based NLP.,Knowledge is trapped in documents. Q&A systems make information instantly accessible.,EdTech,Advanced,"Python,NLP,Machine Learning,React,FastAPI,Transformers","Python,Hugging Face,FastAPI,React,MongoDB,FAISS",7 weeks,"https://huggingface.co,https://fastapi.tiangolo.com","Python,Transformers,NLP,FAISS,FastAPI,React",RAG Pipeline,"Document Upload,Embedding,Indexing,Query Processing,Answer Generation",SQuAD Dataset
Text-to-Speech Generator,Convert text to natural-sounding speech with multiple voice options.,Accessibility tools help visually impaired users. High-quality TTS expands content accessibility.,Social Impact,Intermediate,"Python,NLP,React,FastAPI,TTS","Python,TTS,FastAPI,React,MongoDB",5 weeks,"https://pypi.org/project/TTS,https://react.dev","Python,TTS,FastAPI,React,Deployment",Pipeline,"Text Input,Preprocessing,TTS Model,Audio Generation,Playback",LJSpeech Dataset
Automatic Image Captioner,Generate captions for images using deep learning models.,Images are inaccessible to visually impaired. Automatic captioning improves web accessibility.,Social Impact,Advanced,"Python,Computer Vision,NLP,TensorFlow,FastAPI","Python,TensorFlow,FastAPI,React,MongoDB",7 weeks,"https://www.tensorflow.org,https://pytorch.org","Python,CNN,Transformer,NLP,FastAPI,React",Encoder-Decoder,"Image Preprocessing,Feature Extraction,Caption Generation,API,Frontend",COCO Dataset
Video Content Moderator,Automatically detect inappropriate video content using deep learning.,Manual video moderation is impossible at scale. AI enables faster and more consistent moderation.,Social Impact,Advanced,"Python,Computer Vision,TensorFlow,React,FastAPI","Python,TensorFlow,FastAPI,React,MongoDB",9 weeks,"https://www.tensorflow.org,https://pytorch.org","Python,Video Processing,Deep Learning,FastAPI,React,Deployment",Pipeline,"Video Ingestion,Frame Extraction,Classification,Flagging,Review Dashboard",Content Moderation Dataset
Recipe Recommender,Recommend recipes based on available ingredients and dietary preferences.,Food waste occurs when people don't know what to cook. Smart recommendations reduce waste.,Social Impact,Beginner,"Python,Machine Learning,React,FastAPI,MongoDB","Python,scikit-learn,FastAPI,React,MongoDB",4 weeks,"https://scikit-learn.org,https://react.dev","Python,ML,FastAPI,React,MongoDB,Deployment",MVC,"Ingredient Input,Diet Profile,Recommendation,Nutrition Facts,Shopping List",Recipe Dataset
Music Mood Classifier,Classify music by mood using audio features and ML for playlist generation.,Discovering music matching current mood is difficult. AI automates mood-based playlist creation.,Social Impact,Intermediate,"Python,Machine Learning,React,FastAPI,Audio","Python,librosa,scikit-learn,FastAPI,React,MongoDB",5 weeks,"https://librosa.org,https://scikit-learn.org","Python,Audio Processing,ML,FastAPI,React,Deployment",Pipeline,"Audio Upload,Feature Extraction,Mood Classification,Playlist,Player",FMA Dataset
Object Detection App,Real-time object detection using YOLO for various applications.,Object detection enables automation in manufacturing, security, and accessibility.,IoT,Intermediate,"Python,Computer Vision,TensorFlow,React,FastAPI","Python,YOLO,FastAPI,React,MongoDB,WebRTC",6 weeks,"https://ultralytics.com,https://fastapi.tiangolo.com","Python,YOLO,Computer Vision,FastAPI,React,Deployment",Real-time,"Camera Feed,Detection Engine,Classification,Tracking,Dashboard",COCO Dataset
Face Recognition Attendance,Automated attendance system using face recognition.,Manual attendance taking wastes 10 minutes per class. Automated face recognition is faster and accurate.,EdTech,Intermediate,"Python,Computer Vision,TensorFlow,React,FastAPI","Python,TensorFlow,FastAPI,React,MongoDB",6 weeks,"https://www.tensorflow.org,https://fastapi.tiangolo.com","Python,Face Recognition,TensorFlow,FastAPI,React,Deployment",Pipeline,"Camera Feed,Face Detection,Recognition,Attendance Logging,Reports",LFW Dataset
Vehicle Damage Estimator,Estimate vehicle damage from photos for insurance claims.,Insurance claims processing takes 2 weeks. AI-powered damage assessment reduces it to hours.,FinTech,Intermediate,"Python,Computer Vision,TensorFlow,React,FastAPI","Python,TensorFlow,FastAPI,React,MongoDB",6 weeks,"https://www.tensorflow.org,https://fastapi.tiangolo.com","Python,Computer Vision,TensorFlow,FastAPI,React,Deployment",Pipeline,"Image Upload,Damage Detection,Cost Estimation,Report,Claim Submission",Vehicle Damage Dataset
Construction Site Monitor,Monitor construction site safety using computer vision to detect PPE violations.,Construction sites have 20% of all workplace fatalities. AI monitoring reduces accidents.,Smart City,Advanced,"Python,Computer Vision,TensorFlow,IoT,FastAPI","Python,TensorFlow,MQTT,FastAPI,React,MongoDB",8 weeks,"https://www.tensorflow.org,https://fastapi.tiangolo.com","Python,Computer Vision,IoT,TensorFlow,FastAPI,React",Real-time,"Camera Network,PPE Detection,Violation Alert,Safety Report,Dashboard",Construction Safety Dataset
Satellite Image Analyzer,Analyze satellite images for urban change detection using deep learning.,Urban sprawl and land use changes need monitoring. Satellite AI enables global scale analysis.,Environment,Advanced,"Python,Computer Vision,TensorFlow,GIS,FastAPI","Python,TensorFlow,GDAL,FastAPI,React,MongoDB",9 weeks,"https://www.tensorflow.org,https://gdal.org","Python,Satellite Imagery,Computer Vision,GIS,FastAPI,React",Pipeline,"Image Download,Preprocessing,Change Detection,Mapping,Dashboard",Sentinel-2 Dataset
Gesture Control Interface,Control computer interfaces through hand gestures using computer vision.,Touchless interfaces improve hygiene and accessibility. Gesture control enables hands-free operation.,IoT,Intermediate,"Python,Computer Vision,TensorFlow,React,FastAPI","Python,TensorFlow,FastAPI,React,WebRTC",6 weeks,"https://www.tensorflow.org,https://google.github.io/mediapipe","Python,Computer Vision,MediaPipe,FastAPI,React,Deployment",Real-time,"Camera Feed,Hand Detection,Gesture Recognition,Control Interface,Calibration",ASL/Hand Gesture Dataset
Emotion Recognition System,Detect human emotions from facial expressions in real-time.,Understanding customer emotions improves service quality. AI emotion detection enables empathetic responses.,Healthcare,Advanced,"Python,Computer Vision,TensorFlow,React,FastAPI","Python,TensorFlow,FastAPI,React,MongoDB,WebRTC",7 weeks,"https://www.tensorflow.org,https://fastapi.tiangolo.com","Python,Face Analysis,Deep Learning,FastAPI,React,Deployment",Real-time,"Camera Feed,Face Detection,Emotion Classification,Analytics,Dashboard",FER2013 Dataset
3D Print Quality Monitor,Monitor 3D print quality using computer vision to detect failures.,Failed 3D prints waste materials and time. AI monitoring detects issues early and pauses prints.,IoT,Advanced,"Python,Computer Vision,TensorFlow,IoT,FastAPI","Python,TensorFlow,MQTT,FastAPI,React,Arduino",8 weeks,"https://www.tensorflow.org,https://www.arduino.cc","Python,Computer Vision,IoT,TensorFlow,FastAPI,React",IoT + ML,"Camera Integration,Failure Detection,Auto-pause,Alert,Dashboard",3D Print Dataset
Document Classifier,Automatically classify documents by type and content using NLP.,Manual document filing wastes hours. Automated classification enables faster information retrieval.,EdTech,Beginner,"Python,NLP,Machine Learning,React,FastAPI","Python,spaCy,scikit-learn,FastAPI,React,MongoDB",4 weeks,"https://spacy.io,https://scikit-learn.org","Python,NLP,ML,FastAPI,React,Deployment",Pipeline,"Document Upload,Text Extraction,Classification,Filing,Search",Document Dataset
Code Review Assistant,AI-powered code review tool that identifies bugs and style issues.,Manual code review is time-consuming. AI assistance speeds up review and catches common issues.,EdTech,Intermediate,"Python,NLP,Machine Learning,React,FastAPI","Python,spaCy,scikit-learn,FastAPI,React,MongoDB",5 weeks,"https://spacy.io,https://react.dev","Python,Code Analysis,NLP,FastAPI,React,Deployment",Pipeline,"Code Input,Syntax Analysis,Bug Detection,Style Check,Suggestions",Code Review Dataset
Plagiarism Checker,Detect plagiarism in text using NLP and similarity algorithms.,Academic integrity is undermined by plagiarism. Automated detection discourages cheating.,EdTech,Intermediate,"Python,NLP,Machine Learning,React,FastAPI","Python,spaCy,scikit-learn,FastAPI,React,MongoDB",5 weeks,"https://spacy.io,https://scikit-learn.org","Python,NLP,Similarity,FastAPI,React,Deployment",Pipeline,"Text Input,Fingerprinting,Similarity Search,Source Attribution,Report",Academic Paper Dataset
Translation Quality Checker,Evaluate machine translation quality using NLP metrics.,Poor translations cause miscommunication. Quality scoring enables better translation selection.,EdTech,Intermediate,"Python,NLP,Machine Learning,React,FastAPI","Python,NLTK,FastAPI,React,MongoDB",4 weeks,"https://www.nltk.org,https://react.dev","Python,NLP,BLEU Score,FastAPI,React,Deployment",Pipeline,"Text Input,Translation,Quality Scoring,Comparison,Report",WMT Translation Dataset
Event Recommendation System,Recommend local events based on user interests and location.,People miss events they'd enjoy due to poor discovery. Smart recommendations increase attendance.,Social Impact,Beginner,"Python,Machine Learning,React,FastAPI,MongoDB,GIS","Python,scikit-learn,FastAPI,React,MongoDB,Leaflet.js",4 weeks,"https://scikit-learn.org,https://leafletjs.com","Python,ML,GIS,FastAPI,React,Deployment",MVC,"Event Database,User Profile,Recommendation,Map,Calendar",Eventbrite Dataset
Fitness Class Scheduler,AI-powered fitness class scheduling that adapts to user progress and goals.,Generic fitness plans don't account for individual progress. Adaptive scheduling improves adherence.,Healthcare,Beginner,"Python,Machine Learning,React,FastAPI,MongoDB","Python,scikit-learn,FastAPI,React,MongoDB",4 weeks,"https://scikit-learn.org,https://react.dev","Python,ML,FastAPI,React,MongoDB,Deployment",MVC,"Profile,Goals,Schedule Generation,Progress,Adaptation",Fitness Dataset
Skill Assessment Platform,Assess technical skills through adaptive quizzes and coding challenges.,Traditional skill assessments don't adapt to candidate level. Adaptive testing improves accuracy.,EdTech,Intermediate,"Python,React,MongoDB,FastAPI,Machine Learning","Python,FastAPI,React,MongoDB,Docker",5 weeks,"https://react.dev,https://fastapi.tiangolo.com","Python,FastAPI,MongoDB,React,Adaptive Testing,Deployment",MVC,"Question Bank,Adaptive Engine,Code Execution,Scoring,Report",Assessment Question Dataset
Traffic Sign Recognizer,Recognize traffic signs in real-time using computer vision for autonomous vehicles.,Autonomous vehicles must understand traffic signs. Accurate recognition is critical for safety.,Smart City,Intermediate,"Python,Computer Vision,TensorFlow,React,FastAPI","Python,TensorFlow,FastAPI,React,MongoDB,WebRTC",6 weeks,"https://www.tensorflow.org,https://fastapi.tiangolo.com","Python,Computer Vision,TensorFlow,FastAPI,React,Deployment",Pipeline,"Image Input,Preprocessing,Detection,Classification,Dashboard",GTSRB Dataset
Pothole Detection System,Detect potholes from road camera feeds using computer vision.,Potholes cause 3B in vehicle damage annually. AI detection enables faster repairs.,Smart City,Intermediate,"Python,Computer Vision,TensorFlow,React,FastAPI,GIS","Python,TensorFlow,FastAPI,React,MongoDB,Leaflet.js",6 weeks,"https://www.tensorflow.org,https://leafletjs.com","Python,Computer Vision,GIS,TensorFlow,FastAPI,React",Pipeline,"Camera Feed,Detection,Severity Classification,Mapping,Work Order",Pothole Dataset
Crowd Density Estimator,Estimate crowd density in public spaces using computer vision for safety.,Crowd crushes cause deaths at public events. AI density estimation enables preemptive intervention.,Smart City,Advanced,"Python,Computer Vision,TensorFlow,IoT,FastAPI","Python,TensorFlow,MQTT,FastAPI,React,MongoDB",7 weeks,"https://www.tensorflow.org,https://fastapi.tiangolo.com","Python,Computer Vision,IoT,TensorFlow,FastAPI,React",Real-time,"Camera Feed,Person Detection,Density Estimation,Threshold Alerts,Dashboard",ShanghaiTech Crowd Dataset
Smart Meter Analyzer,Analyze electricity smart meter data to detect anomalies and predict consumption.,Electricity theft costs utilities $89B/year. Smart meter analysis detects theft and forecast demand.,Smart City,Intermediate,"Python,Machine Learning,scikit-learn,React,FastAPI","Python,scikit-learn,FastAPI,React,MongoDB,Chart.js",5 weeks,"https://scikit-learn.org,https://react.dev","Python,Time Series,ML,FastAPI,React,Charts,Deployment",Pipeline,"Meter Data Ingestion,Anomaly Detection,Consumption Forecast,Billing,Dashboard",Smart Meter Dataset
Urban Planning Simulator,Simulate urban development scenarios using spatial data and ML.,Urban planners lack tools to visualize impact of decisions. Simulation enables better planning.,Smart City,Advanced,"Python,Machine Learning,GIS,React,FastAPI","Python,scikit-learn,GDAL,FastAPI,React,Leaflet.js",8 weeks,"https://docs.qgis.org,https://scikit-learn.org","Python,GIS,ML,Simulation,FastAPI,React",Simulation Engine,"Spatial Data,Scenario Modeling,Impact Analysis,Visualization,Export",Urban GIS Dataset
Indoor Navigation System,Navigate inside large buildings like malls and hospitals using WiFi fingerprinting.,GPS doesn't work indoors. WiFi fingerprinting enables indoor positioning for navigation.,Smart City,Advanced,"Python,Machine Learning,React,FastAPI,IoT","Python,scikit-learn,MQTT,FastAPI,React,MongoDB",7 weeks,"https://scikit-learn.org,https://fastapi.tiangolo.com","Python,WiFi Fingerprinting,ML,FastAPI,React,Deployment",ML Pipeline,"Signal Collection,Fingerprint Map,Localization,Navigation,Wayfinding",IndoorGML Dataset
Remote Patient Monitoring,Monitor chronic disease patients remotely using wearables and ML alerts.,Hospital readmissions cost $26B/year. Remote monitoring prevents deterioration before hospitalization.,Healthcare,Advanced,"Python,IoT,Machine Learning,React,FastAPI","Python,MQTT,TensorFlow,FastAPI,React,MongoDB",8 weeks,"https://www.tensorflow.org,https://www.arduino.cc","Python,IoT,ML,FastAPI,React,Deployment",IoT + ML,"Wearable Integration,Vitals Monitoring,Anomaly Detection,Alert System,Doctor Dashboard",PhysioNet Dataset
Allergy Alert Food Scanner,Scan food product barcodes to detect allergens and provide warnings.,Food allergies affect 32M Americans and can be life-threatening. Instant scanning enables safe choices.,Healthcare,Intermediate,"Python,Computer Vision,React,FastAPI,MongoDB","Python,TensorFlow,FastAPI,React,MongoDB,Barcode API",5 weeks,"https://www.tensorflow.org,https://react.dev","Python,Barcode Scanning,CV,FastAPI,React,Deployment",MVC,"Barcode Scan,Product Lookup,Allergen Check,Warning,History",Open Food Facts Dataset
Physical Therapy Assistant,Guide physical therapy exercises using pose estimation and real-time feedback.,Patients do PT exercises incorrectly at home. AI pose estimation ensures proper form.,Healthcare,Advanced,"Python,Computer Vision,TensorFlow,React,FastAPI","Python,TensorFlow,MediaPipe,FastAPI,React,WebRTC",8 weeks,"https://google.github.io/mediapipe,https://www.tensorflow.org","Python,Pose Estimation,Computer Vision,FastAPI,React,Deployment",Real-time,"Camera Feed,Pose Detection,Exercise Recognition,Form Feedback,Progress",Human Pose Dataset
Sleep Quality Analyzer,Analyze sleep patterns using wearable data and ML to improve sleep quality.,Poor sleep affects 70M Americans. ML analysis of patterns enables personalized improvements.,Healthcare,Intermediate,"Python,Machine Learning,React,FastAPI,MongoDB,IoT","Python,scikit-learn,FastAPI,React,MongoDB,MQTT",5 weeks,"https://scikit-learn.org,https://fastapi.tiangolo.com","Python,IoT,ML,FastAPI,React,Deployment",Pipeline,"Wearable Data,Sleep Stage Detection,Quality Scoring,Recommendations,Dashboard",Sleep EDF Dataset
Nutrition Label Analyzer,Analyze food nutrition labels from photos and provide health insights.,Nutrition labels are complex. AI analysis gives instant, understandable health assessment.,Healthcare,Intermediate,"Python,Computer Vision,React,FastAPI,MongoDB","Python,TensorFlow,OCR,FastAPI,React,MongoDB",5 weeks,"https://pypi.org/project/pytesseract,https://react.dev","Python,OCR,Computer Vision,FastAPI,React,Deployment",Pipeline,"Image Upload,OCR,Nutrient Extraction,Health Analysis,Dashboard",USDA Nutrition Data
Hospital Readmission Predictor,Predict which patients are at risk of readmission within 30 days.,Hospital readmissions cost $26B annually. ML prediction enables preventive interventions.,Healthcare,Advanced,"Python,Machine Learning,scikit-learn,React,FastAPI","Python,scikit-learn,FastAPI,React,MongoDB",7 weeks,"https://scikit-learn.org,https://fastapi.tiangolo.com","Python,ML,Clinical Features,FastAPI,React,Deployment",Pipeline,"Patient Data,Feature Engineering,Prediction,Risk Stratification,Dashboard",MIMIC-III Dataset
Drug Discovery Assistant,Use ML to predict drug-protein binding affinity for faster drug discovery.,Drug discovery takes 12 years and $2.6B. ML can screen millions of compounds to find candidates faster.,Healthcare,Advanced,"Python,Machine Learning,TensorFlow,Bioinformatics,FastAPI","Python,TensorFlow,RDKit,FastAPI,React,MongoDB",12 weeks,"https://www.tensorflow.org,https://www.rdkit.org","Python,Bioinformatics,ML,TensorFlow,FastAPI,React",Scientific Pipeline,"Molecular Data,Feature Engineering,Binding Prediction,Candidate Ranking,Visualization",ChEMBL Dataset
Clinical Trial Matcher,Match patients to relevant clinical trials based on medical profile.,Patients miss relevant clinical trials due to poor discovery. Matching improves trial recruitment.,Healthcare,Intermediate,"Python,NLP,Machine Learning,React,FastAPI","Python,spaCy,scikit-learn,FastAPI,React,MongoDB",6 weeks,"https://spacy.io,https://scikit-learn.org","Python,NLP,ML,FastAPI,React,Deployment",Pipeline,"Patient Profile,Trial Database,Eligibility Matching,Recommendation,Enrollment",ClinicalTrials.gov Dataset
Medication Adherence Tracker,Track medication adherence using image recognition for pill identification.,50% of patients don't take medications as prescribed. Tracking enables timely reminders and compliance.,Healthcare,Intermediate,"Python,Computer Vision,React,FastAPI,IoT","Python,TensorFlow,FastAPI,React,MongoDB,Push Notifications",6 weeks,"https://www.tensorflow.org,https://react.dev","Python,Computer Vision,FastAPI,React,Notifications,Deployment",MVC,"Pill Recognition,Schedule,Reminder,Adherence Tracking,Reports",Pill Image Dataset
Genome Sequence Classifier,Classify genomic sequences using deep learning for disease research.,Genomic data analysis is computationally intensive. Deep learning enables faster classification.,Healthcare,Advanced,"Python,Deep Learning,TensorFlow,Bioinformatics,FastAPI","Python,TensorFlow,FastAPI,React,MongoDB,BioPython",10 weeks,"https://biopython.org,https://www.tensorflow.org","Python,Bioinformatics,Deep Learning,TensorFlow,FastAPI,React",Scientific Pipeline,"Sequence Input,Preprocessing,Classification Model,Annotation,Visualization",NCBI Genome Dataset
Epidemic Spread Simulator,Simulate epidemic spread using agent-based models and real epidemiological data.,Understanding epidemic dynamics guides public health response. Simulation enables scenario planning.,Healthcare,Advanced,"Python,Machine Learning,React,FastAPI,Simulation","Python,Mesa,scikit-learn,FastAPI,React,MongoDB",8 weeks,"https://mesa.readthedocs.io,https://scikit-learn.org","Python,Agent-Based Modeling,ML,FastAPI,React,Visualization",Simulation,"Population Modeling,Disease Parameters,Spread Simulation,Intervention Testing,Dashboard",CDC Epidemiological Data
Operating Room Scheduler,Optimize operating room scheduling using ML to reduce cancellations.,OR cancellations cost hospitals $2000/minute. ML optimization reduces cancellations by 40%.,Healthcare,Intermediate,"Python,Machine Learning,React,FastAPI,MongoDB","Python,scikit-learn,FastAPI,React,MongoDB,Calendar",5 weeks,"https://scikit-learn.org,https://react.dev","Python,ML,Optimization,FastAPI,React,Deployment",MVC,"Surgery Scheduling,Resource Allocation,Conflict Detection,Optimization,Dashboard",OR Scheduling Dataset
Pharmacy Inventory Manager,Smart pharmacy inventory management with expiry tracking and reorder prediction.,Pharmacies lose $60B/year to inventory issues. Smart management reduces waste and stockouts.,Healthcare,Beginner,"Python,Machine Learning,React,FastAPI,MongoDB","Python,scikit-learn,FastAPI,React,MongoDB",4 weeks,"https://scikit-learn.org,https://react.dev","Python,ML,FastAPI,MongoDB,React,Deployment",MVC,"Inventory Tracking,Expiry Monitor,Demand Prediction,Reorder Alert,Reports",Drug Inventory Dataset
Telehealth Analytics Platform,Analytics platform for telehealth providers to optimize patient care quality.,Telehealth providers lack analytics to improve care quality. Data insights drive better outcomes.,Healthcare,Intermediate,"Python,Machine Learning,React,FastAPI,MongoDB","Python,scikit-learn,FastAPI,React,MongoDB,Chart.js",6 weeks,"https://scikit-learn.org,https://react.dev","Python,ML,FastAPI,React,Charts,Deployment",MVC,"Data Ingestion,Patient Analytics,Quality Metrics,Benchmark,Dashboard",Telehealth Dataset
Supply Chain Risk Predictor,Predict supply chain disruption risks using ML and global event data.,COVID-19 exposed supply chain fragility. ML prediction enables proactive risk mitigation.,FinTech,Advanced,"Python,Machine Learning,NLP,React,FastAPI","Python,scikit-learn,spaCy,FastAPI,React,MongoDB",7 weeks,"https://scikit-learn.org,https://spacy.io","Python,NLP,ML,FastAPI,React,Deployment",Pipeline,"News Monitoring,Risk Feature Extraction,Prediction,Alert,Dashboard",Supply Chain Dataset
Portfolio Risk Analyzer,Analyze investment portfolio risk using ML and Monte Carlo simulation.,Investors underestimate portfolio risk. Quantitative risk analysis enables better diversification.,FinTech,Advanced,"Python,Machine Learning,React,FastAPI,Finance","Python,scikit-learn,FastAPI,React,MongoDB,NumPy",6 weeks,"https://scikit-learn.org,https://numpy.org","Python,Finance,ML,Monte Carlo,FastAPI,React",Pipeline,"Portfolio Input,Risk Calculation,Monte Carlo,Visualization,Recommendations",Market Data
Automated Accounting System,Automate bookkeeping using OCR and ML for small businesses.,Small businesses spend 10h/month on bookkeeping. Automation reduces time by 80%.,FinTech,Intermediate,"Python,OCR,Machine Learning,React,FastAPI","Python,Tesseract,scikit-learn,FastAPI,React,MongoDB",5 weeks,"https://pypi.org/project/pytesseract,https://react.dev","Python,OCR,ML,FastAPI,React,Deployment",Pipeline,"Receipt Scan,Data Extraction,Categorization,Reporting,Tax Preparation",Accounting Dataset
P2P Lending Platform,Peer-to-peer lending platform with AI credit scoring for underbanked populations.,1.7B people are unbanked. P2P lending with AI credit scoring enables financial inclusion.,FinTech,Advanced,"Python,Machine Learning,React,FastAPI,MongoDB","Python,scikit-learn,FastAPI,React,MongoDB,Stripe",8 weeks,"https://scikit-learn.org,https://react.dev","Python,ML,FastAPI,React,Payments,Deployment",Microservices,"Credit Scoring,Loan Matching,Repayment,Default Prediction,Dashboard",Lending Dataset
Arbitrage Detector,Detect arbitrage opportunities across cryptocurrency exchanges in real-time.,Crypto arbitrage opportunities exist for milliseconds. Real-time detection enables profitable trading.,FinTech,Advanced,"Python,Machine Learning,React,FastAPI,WebSockets","Python,FastAPI,React,MongoDB,WebSockets,Exchange APIs",7 weeks,"https://fastapi.tiangolo.com,https://docs.ccxt.com","Python,Crypto APIs,Real-time,FastAPI,React,Trading",Real-time Pipeline,"Price Feed Aggregation,Spread Detection,Opportunity Alert,Execution Engine,Dashboard",Exchange API Data
Subscription Churn Predictor,Predict subscriber churn using ML to enable proactive retention.,SaaS companies lose 5-7% of subscribers monthly. Churn prediction enables targeted retention.,FinTech,Intermediate,"Python,Machine Learning,scikit-learn,React,FastAPI","Python,scikit-learn,FastAPI,React,MongoDB",5 weeks,"https://scikit-learn.org,https://react.dev","Python,ML,Feature Engineering,FastAPI,React,Deployment",Pipeline,"User Behavior Data,Feature Engineering,Churn Model,Risk Scoring,Retention Actions",SaaS Metrics Dataset
Green Finance Tracker,Track ESG investments and carbon offset metrics for green finance.,Investors increasingly demand ESG reporting. Automated tracking improves transparency and accountability.,FinTech,Intermediate,"Python,React,MongoDB,FastAPI,Machine Learning","Python,FastAPI,React,MongoDB,Chart.js,scikit-learn",5 weeks,"https://react.dev,https://fastapi.tiangolo.com","Python,ESG Data,ML,FastAPI,React,Charts,Deployment",MVC,"ESG Data Input,Scoring,Carbon Tracking,Reporting,Portfolio View",ESG Dataset
Yield Farming Optimizer,Optimize DeFi yield farming strategies using ML to maximize returns.,DeFi yield farming is complex with hundreds of protocols. ML optimization maximizes risk-adjusted returns.,Blockchain,Advanced,"Python,JavaScript,Machine Learning,DeFi,Web3.js","Python,JavaScript,Web3.js,scikit-learn,FastAPI,React",10 weeks,"https://ethereum.org,https://scikit-learn.org","Python,DeFi,ML,JavaScript,Web3.js,React",Analytics Pipeline,"Protocol Monitoring,Yield Calculation,Risk Assessment,Strategy Optimization,Dashboard",DeFi Protocol Data
Scholarship Finder,Match students with relevant scholarships using ML based on profile and eligibility.,Students miss scholarships due to poor discovery. ML matching increases scholarship uptake.,EdTech,Beginner,"Python,Machine Learning,React,FastAPI,MongoDB","Python,scikit-learn,FastAPI,React,MongoDB",4 weeks,"https://scikit-learn.org,https://react.dev","Python,ML,FastAPI,React,MongoDB,Deployment",MVC,"Student Profile,Scholarship Database,Eligibility Matching,Recommendation,Application Tracking",Scholarship Dataset
Study Habit Analyzer,Analyze student study habits and recommend improvements using ML.,Poor study habits lead to academic failure. Data-driven recommendations improve study effectiveness.,EdTech,Intermediate,"Python,Machine Learning,React,FastAPI,MongoDB","Python,scikit-learn,FastAPI,React,MongoDB",5 weeks,"https://scikit-learn.org,https://react.dev","Python,ML,FastAPI,React,MongoDB,Deployment",MVC,"Habit Tracking,Pattern Analysis,Recommendation,Goal Setting,Progress"],Student Study Dataset
Homework Helper Platform,AI platform that guides students through homework problems with hints rather than answers.,Students need help without having answers given. Guided hints improve understanding and learning.,EdTech,Intermediate,"Python,NLP,React,FastAPI,MongoDB","Python,spaCy,FastAPI,React,MongoDB",5 weeks,"https://spacy.io,https://react.dev","Python,NLP,FastAPI,React,MongoDB,Deployment",MVC,"Problem Input,Subject Classification,Hint Generation,Step Guide,Solution Reveal",Math/Science Dataset
Virtual Lab Assistant,AI assistant for science labs that guides experiments and interprets results.,Lab work is difficult without expert guidance. AI assistance makes labs accessible to all students.,EdTech,Advanced,"Python,NLP,Computer Vision,React,FastAPI","Python,spaCy,TensorFlow,FastAPI,React,MongoDB",7 weeks,"https://spacy.io,https://www.tensorflow.org","Python,NLP,Computer Vision,FastAPI,React,Deployment",MVC,"Experiment Guide,Visual Recognition,Data Analysis,Interpretation,Report",Science Lab Dataset
Debate Practice Platform,AI-powered debate practice platform that evaluates arguments and provides feedback.,Debate skills are essential but hard to practice. AI opponents and feedback enable solo practice.,EdTech,Intermediate,"Python,NLP,React,FastAPI,MongoDB","Python,spaCy,FastAPI,React,MongoDB",5 weeks,"https://spacy.io,https://react.dev","Python,NLP,Argument Analysis,FastAPI,React,Deployment",MVC,"Topic Selection,Argument Input,Evaluation,Feedback,Progress",Argument Mining Dataset
University Course Planner,Automated university course planning considering prerequisites and degree requirements.,Students struggle to plan 4-year course schedules. Automated planning prevents missed requirements.,EdTech,Intermediate,"Python,Machine Learning,React,FastAPI,MongoDB","Python,scikit-learn,FastAPI,React,MongoDB",5 weeks,"https://scikit-learn.org,https://react.dev","Python,Graph Theory,ML,FastAPI,React,Deployment",MVC,"Prerequisite Graph,Requirement Check,Schedule Generation,Conflict Detection,Visualization",University Catalog Data
Internship Matcher,Match students with internships using ML based on skills and career goals.,Students waste time applying to mismatched internships. ML matching increases offer rates.,EdTech,Beginner,"Python,Machine Learning,React,FastAPI,MongoDB","Python,scikit-learn,FastAPI,React,MongoDB",4 weeks,"https://scikit-learn.org,https://react.dev","Python,ML,FastAPI,React,MongoDB,Deployment",MVC,"Student Profile,Internship Database,Matching Engine,Application Tracking,Feedback"],Internship Dataset
Citation Generator,Automatically generate academic citations from URLs and DOIs.,Manual citation formatting wastes time. Automated generation ensures correctness and saves hours.,EdTech,Beginner,"Python,React,FastAPI,NLP","Python,FastAPI,React,MongoDB,CrossRef API",3 weeks,"https://react.dev,https://fastapi.tiangolo.com","Python,NLP,FastAPI,React,Deployment",MVC,"URL/DOI Input,Metadata Fetch,Citation Formatting,Export,History",CrossRef Dataset
Flashcard Generator,Generate flashcards from study materials using NLP for efficient memorization.,Creating flashcards is time-consuming. AI generation from notes enables faster study prep.,EdTech,Beginner,"Python,NLP,React,FastAPI,MongoDB","Python,spaCy,FastAPI,React,MongoDB",3 weeks,"https://spacy.io,https://react.dev","Python,NLP,FastAPI,React,MongoDB,Deployment",MVC,"Text Input,Key Concept Extraction,Flashcard Generation,Review Mode,Progress",Study Material Dataset
Writing Style Analyzer,Analyze writing style and suggest improvements using NLP.,Poor writing affects academic and professional success. Detailed analysis enables targeted improvement.,EdTech,Intermediate,"Python,NLP,React,FastAPI,MongoDB","Python,spaCy,NLTK,FastAPI,React,MongoDB",5 weeks,"https://spacy.io,https://www.nltk.org","Python,NLP,Writing Analysis,FastAPI,React,Deployment",Pipeline,"Text Input,Style Analysis,Clarity Score,Suggestions,Revision Tracking",Writing Dataset
Group Project Coordinator,Manage group projects with task assignment, tracking, and collaboration tools.,Group projects suffer from unequal contribution and poor coordination. Tools improve teamwork.,EdTech,Beginner,"Python,React,MongoDB,FastAPI","Python,FastAPI,React,MongoDB,WebSockets",3 weeks,"https://react.dev,https://fastapi.tiangolo.com","Python,FastAPI,MongoDB,React,WebSockets,Deployment",MVC,"Team Creation,Task Assignment,Progress Tracking,Communication,Contribution Analytics",Synthetic Project Data
Exam Difficulty Calibrator,Calibrate exam question difficulty using item response theory and ML.,Poorly calibrated exams fail to measure actual ability. ML calibration improves assessment validity.,EdTech,Advanced,"Python,Machine Learning,React,FastAPI,MongoDB","Python,scikit-learn,FastAPI,React,MongoDB",6 weeks,"https://scikit-learn.org,https://react.dev","Python,IRT,ML,FastAPI,React,Deployment",Pipeline,"Response Data,IRT Model,Difficulty Estimation,Exam Generation,Validation",Exam Response Dataset
Disability Accommodation Tracker,Track disability accommodation requests in educational institutions.,Students with disabilities struggle to get accommodations. Systematic tracking improves compliance.,Social Impact,Beginner,"Python,React,MongoDB,FastAPI","Python,FastAPI,React,MongoDB,Email",3 weeks,"https://react.dev,https://fastapi.tiangolo.com","Python,FastAPI,MongoDB,React,Email,Deployment",MVC,"Request Submission,Review Workflow,Accommodation Tracking,Reporting,Communication",Synthetic Accommodation Data
Renewable Energy Trading Platform,P2P renewable energy trading platform for prosumers.,Energy prosumers can't sell excess solar/wind energy efficiently. P2P trading unlocks local energy markets.,Environment,Advanced,"Python,JavaScript,React,FastAPI,Blockchain","Python,FastAPI,React,MongoDB,Solidity,Web3.js",10 weeks,"https://ethereum.org,https://fastapi.tiangolo.com","Python,Energy,Blockchain,FastAPI,React,Web3.js",Microservices,"Smart Meter Integration,Energy Measurement,P2P Matching,Smart Contract,Dashboard",Energy Trading Dataset
Carbon Credit Marketplace,Blockchain-based marketplace for carbon credits with verification.,Carbon credit markets lack transparency and trust. Blockchain enables verifiable, tradeable credits.,Environment,Advanced,"JavaScript,Solidity,React,Web3.js,Ethereum","JavaScript,Solidity,React,Web3.js,Hardhat,IPFS",10 weeks,"https://ethereum.org,https://hardhat.org","JavaScript,Blockchain,Carbon Credits,React,Web3.js,IPFS",Blockchain,"Credit Issuance,Verification,Marketplace,Retirement,Dashboard",Carbon Credit Dataset
Biodiversity Tracker,Track species biodiversity in ecosystems using citizen science data and ML.,Biodiversity loss threatens ecosystem stability. Crowd-sourced tracking with AI enables global monitoring.,Environment,Intermediate,"Python,Machine Learning,React,FastAPI,GIS","Python,scikit-learn,FastAPI,React,MongoDB,Leaflet.js",6 weeks,"https://scikit-learn.org,https://leafletjs.com","Python,ML,GIS,FastAPI,React,Deployment",Pipeline,"Observation Input,Species Classification,Distribution Mapping,Trend Analysis,Dashboard",iNaturalist Dataset
Microplastic Pollution Tracker,Track microplastic pollution levels in water bodies using image analysis.,Microplastics contaminate 83% of tap water. Tracking enables pollution source identification.,Environment,Intermediate,"Python,Computer Vision,React,FastAPI,GIS","Python,TensorFlow,FastAPI,React,MongoDB,Leaflet.js",6 weeks,"https://www.tensorflow.org,https://leafletjs.com","Python,Computer Vision,GIS,FastAPI,React,Deployment",Pipeline,"Sample Analysis,Detection,Concentration Mapping,Trend Analysis,Dashboard",Microplastic Dataset
Glacier Retreat Monitor,Monitor glacier retreat using satellite imagery and ML for climate research.,Glaciers losing 250B tons annually signals accelerating climate change. Monitoring guides policy.,Environment,Advanced,"Python,Computer Vision,TensorFlow,GIS,FastAPI","Python,TensorFlow,GDAL,FastAPI,React,MongoDB",9 weeks,"https://www.tensorflow.org,https://gdal.org","Python,Satellite Imagery,Computer Vision,GIS,FastAPI,React",Pipeline,"Image Download,Change Detection,Area Calculation,Trend Analysis,Visualization",NSIDC Glacier Dataset
E-Waste Recycling Locator,Locate nearby e-waste recycling centers and track recycling impact.,E-waste is the fastest growing waste stream. Better access to recycling reduces environmental harm.,Environment,Beginner,"Python,React,MongoDB,FastAPI,GIS","Python,FastAPI,React,MongoDB,Leaflet.js",3 weeks,"https://react.dev,https://leafletjs.com","Python,FastAPI,GIS,MongoDB,React,Deployment",MVC,"Recycling Center Database,Location Search,Route Planning,Impact Tracking,Leaderboard",E-Waste Facility Data
Air Pollution Source Identifier,Identify sources of air pollution using atmospheric data and ML.,Polluters deny responsibility. ML analysis of atmospheric data traces pollution to specific sources.,Environment,Advanced,"Python,Machine Learning,GIS,React,FastAPI","Python,scikit-learn,GDAL,FastAPI,React,MongoDB",8 weeks,"https://scikit-learn.org,https://gdal.org","Python,Atmospheric Science,ML,GIS,FastAPI,React",Scientific Pipeline,"Sensor Data,Dispersion Modeling,Source Attribution,Mapping,Reporting",EPA Emissions Dataset
Beach Water Quality Monitor,Monitor beach water quality using sensor data and ML to warn swimmers.,Contaminated beaches cause 120M gastrointestinal illnesses/year. Real-time monitoring prevents exposure.,Environment,Intermediate,"Python,IoT,Machine Learning,React,FastAPI","Python,Arduino,MQTT,scikit-learn,FastAPI,React",5 weeks,"https://www.arduino.cc,https://scikit-learn.org","Python,IoT,ML,FastAPI,React,Deployment",IoT Architecture,"Sensor Network,Water Quality Monitoring,Prediction,Alert,Public Dashboard",Beach Water Quality Dataset
Deforestation Alert System,Detect deforestation events in satellite imagery using computer vision.,Tropical forests are lost at 4.7M hectares/year. Early detection enables faster enforcement response.,Environment,Advanced,"Python,Computer Vision,TensorFlow,GIS,FastAPI","Python,TensorFlow,GDAL,FastAPI,React,MongoDB",9 weeks,"https://www.tensorflow.org,https://gdal.org","Python,Remote Sensing,Computer Vision,GIS,FastAPI,React",Pipeline,"Satellite Data,Change Detection,Alert Generation,Mapping,Reporting",Hansen Forest Dataset
Wildfire Risk Predictor,Predict wildfire risk using weather, vegetation, and historical data.,Wildfires destroy 7M acres/year. Prediction enables preemptive resource deployment.,Environment,Advanced,"Python,Machine Learning,TensorFlow,GIS,FastAPI","Python,TensorFlow,GDAL,FastAPI,React,MongoDB",8 weeks,"https://www.tensorflow.org,https://docs.qgis.org","Python,GIS,ML,TensorFlow,FastAPI,React",Pipeline,"Data Ingestion,Feature Engineering,Risk Model,Mapping,Early Warning",USFS Wildfire Dataset
Toxic Chemical Detector,Detect toxic chemicals in industrial wastewater using sensor data and ML.,Industrial pollution contaminates water sources. Real-time detection enables faster regulatory response.,Environment,Advanced,"Python,IoT,Machine Learning,React,FastAPI","Python,Arduino,MQTT,scikit-learn,FastAPI,React,MongoDB",7 weeks,"https://www.arduino.cc,https://scikit-learn.org","Python,IoT,ML,FastAPI,React,Deployment",IoT + ML,"Sensor Array,Chemical Detection,Concentration Measurement,Alert,Reporting",Industrial Wastewater Dataset
Smart Grid Load Balancer,Balance electrical grid load using ML to prevent blackouts.,Grid overloads cause costly blackouts. ML load balancing prevents failures and optimizes distribution.,Smart City,Advanced,"Python,Machine Learning,TensorFlow,React,FastAPI,IoT","Python,TensorFlow,MQTT,FastAPI,React,MongoDB",8 weeks,"https://www.tensorflow.org,https://fastapi.tiangolo.com","Python,Grid Systems,ML,IoT,FastAPI,React",Real-time,"Load Monitoring,Demand Prediction,Balancing Algorithm,Control,Dashboard",Power Grid Dataset
Autonomous Vehicle Simulation,Simulate autonomous vehicle decision-making in urban environments.,AV development requires safe simulation environments. Realistic simulations accelerate safe deployment.,Smart City,Advanced,"Python,Computer Vision,Machine Learning,Simulation,FastAPI","Python,TensorFlow,Pygame,FastAPI,React,MongoDB",12 weeks,"https://www.tensorflow.org,https://www.pygame.org","Python,Simulation,Computer Vision,ML,FastAPI,React",Simulation Engine,"Environment Modeling,Vehicle Agents,Perception,Decision Making,Evaluation",CARLA Dataset
Pedestrian Safety System,Detect pedestrians at crosswalks and alert drivers using computer vision.,Pedestrian fatalities account for 16% of traffic deaths. AI detection with driver alerts reduces accidents.,Smart City,Intermediate,"Python,Computer Vision,TensorFlow,IoT,FastAPI","Python,TensorFlow,MQTT,FastAPI,React,Arduino",6 weeks,"https://www.tensorflow.org,https://www.arduino.cc","Python,Computer Vision,IoT,TensorFlow,FastAPI,React",Real-time,"Camera Feed,Pedestrian Detection,Vehicle Alert,Safety Analytics,Dashboard",JAAD Pedestrian Dataset
Building Energy Optimizer,Optimize building energy consumption using IoT sensors and ML-based HVAC control.,Buildings waste 30% of energy through inefficient HVAC. ML optimization reduces energy use by 20%.,Smart City,Advanced,"Python,IoT,Machine Learning,React,FastAPI","Python,MQTT,TensorFlow,FastAPI,React,MongoDB",8 weeks,"https://www.tensorflow.org,https://www.arduino.cc","Python,IoT,ML,HVAC,FastAPI,React",IoT + ML,"Sensor Integration,HVAC Modeling,Optimization,Control,Energy Dashboard",ASHRAE Building Dataset
Museum Audio Guide,Location-aware museum audio guide that activates when near exhibits.,Museum audio guides are static and non-personalized. Smart guides enhance visitor experience.,Social Impact,Beginner,"Python,React,IoT,FastAPI,MongoDB","Python,FastAPI,React,MongoDB,BLE Beacons",3 weeks,"https://react.dev,https://fastapi.tiangolo.com","Python,BLE,FastAPI,React,Deployment",IoT Architecture,"Beacon Setup,Content Database,Location Trigger,Audio Playback,Personalization",Museum Content Data
Cultural Heritage Preservor,Digitize and preserve cultural heritage artifacts using 3D scanning and ML tagging.,Cultural artifacts are lost to time and conflict. Digital preservation ensures permanent access.,Social Impact,Advanced,"Python,Computer Vision,React,FastAPI,MongoDB,3D","Python,TensorFlow,FastAPI,React,MongoDB,Three.js",8 weeks,"https://www.tensorflow.org,https://threejs.org","Python,Computer Vision,3D Modeling,FastAPI,React,Deployment",Pipeline,"3D Scanning,Digitization,ML Tagging,3D Viewer,Archive"],Cultural Heritage Dataset
Elderly Social Companion,AI social companion for elderly people to reduce loneliness and cognitive decline.,Social isolation affects 43% of elderly. Conversational AI provides companionship and cognitive stimulation.,Healthcare,Intermediate,"Python,NLP,React,FastAPI,MongoDB","Python,spaCy,FastAPI,React,MongoDB,Speech Recognition",6 weeks,"https://spacy.io,https://react.dev","Python,NLP,Speech,FastAPI,React,Deployment",MVC,"Voice Interface,Conversation Engine,Memory Games,Reminders,Family Dashboard",Elderly Dataset
Autism Communication Aid,Communication aid for non-verbal autism using picture exchange and AI.,Non-verbal autism affects communication severely. Picture-based AI aids improve expression.,Social Impact,Intermediate,"Python,Computer Vision,React,FastAPI,MongoDB","Python,TensorFlow,FastAPI,React,MongoDB",6 weeks,"https://www.tensorflow.org,https://react.dev","Python,Computer Vision,NLP,FastAPI,React,Deployment",MVC,"Symbol Library,Communication Board,Predictive Symbols,Speech Output,Progress"],Autism Communication Dataset
Prosthetic Limb Controller,Control prosthetic limbs using EMG signal classification with ML.,Prosthetic limbs with poor control reduce quality of life. ML signal processing improves dexterity.,Healthcare,Advanced,"Python,Machine Learning,TensorFlow,IoT,FastAPI","Python,TensorFlow,MQTT,FastAPI,React,Arduino",10 weeks,"https://www.tensorflow.org,https://www.arduino.cc","Python,IoT,ML,EMG,FastAPI,React",IoT + ML,"EMG Signal Acquisition,Preprocessing,Gesture Classification,Control Signal,Calibration",EMG Dataset
Colorblindness Accessibility Tool,Browser extension that adapts website colors for colorblind users.,8% of men are colorblind. Inaccessible color schemes exclude millions from digital content.,Social Impact,Intermediate,"JavaScript,React,Computer Vision,FastAPI","JavaScript,React,Chrome Extension API,FastAPI",4 weeks,"https://developer.chrome.com/docs/extensions,https://react.dev","JavaScript,Color Theory,Browser Extension,React,FastAPI,Deployment",Browser Extension,"Color Detection,Colorblind Simulation,Color Transformation,Live Preview,Settings",Colorblind Dataset
Low Vision Reader,Text reader with image enhancement for people with low vision.,600M people have low vision. Enhanced reading tools improve independence and quality of life.,Social Impact,Intermediate,"Python,Computer Vision,React,FastAPI,TTS","Python,OpenCV,FastAPI,React,TTS,MongoDB",5 weeks,"https://opencv.org,https://react.dev","Python,Computer Vision,Image Enhancement,TTS,FastAPI,React",Pipeline,"Document Capture,Image Enhancement,OCR,Text-to-Speech,Settings",Low Vision Dataset
